StartDate,EndDate,Status,IPAddress,Progress,Duration (in seconds),Finished,RecordedDate,ResponseId,RecipientLastName,RecipientFirstName,RecipientEmail,ExternalReference,LocationLatitude,LocationLongitude,DistributionChannel,UserLanguage,gender,educ,ideol,partisan1,partisanD,partisanR,partisanI,relig,native,employ,age,Q25_1,Q25_2,Q25_3,Q25_4,Q5_First Click,Q5_Last Click,Q5_Page Submit,Q5_Click Count,responsible_1,responsible_2,responsible_3,deserving_1,deserving_2,deserving_3,frequency_1,frequency_2,frequency_3,cost_1,cost_2,cost_3
7/30/2020 16:10,7/30/2020 16:11,0,73.13.145.42,100,96,1,7/30/2020 16:11,R_1kIf4bagE9qKEEp,,,,,39.93569946,-75.18319702,anonymous,EN,1,6,3,1,2,,,3,1,18,69,4,4,4,4,0,0,11.321,0,3,1,2,3,1,2,1,3,2,3,2,1
7/31/2020 13:09,7/31/2020 13:10,0,174.134.172.41,100,64,1,7/31/2020 13:10,R_3O7xDuCPAMALkGF,,,,,35.32879639,-118.9748001,anonymous,EN,1,5,6,2,,2,,6,1,1,39,2,4,3,4,0,0,11.174,0,2,3,1,1,3,2,2,3,1,1,3,2
7/31/2020 13:09,7/31/2020 13:10,0,162.231.57.35,100,68,1,7/31/2020 13:10,R_A5JIP3HWkOHb9pD,,,,,32.74049377,-117.0934982,anonymous,EN,1,5,4,3,,,1,2,1,1,36,5,1,1,5,8.058,8.058,18.242,1,1,2,3,3,2,1,2,3,1,2,3,1
7/31/2020 13:09,7/31/2020 13:10,0,24.62.1.148,100,66,1,7/31/2020 13:10,R_yW5knefg3gHfq0h,,,,,42.27960205,-71.12819672,anonymous,EN,2,5,2,1,2,,,1,1,16,23,5,1,4,3,0,0,11.201,0,1,3,2,3,2,1,1,2,3,3,1,2
7/31/2020 13:09,7/31/2020 13:10,0,65.188.179.223,100,53,1,7/31/2020 13:10,R_1j9BVzphGOFXGKZ,,,,,36.1053009,-79.87619781,anonymous,EN,2,5,3,1,2,,,6,1,1,23,4,3,4,4,0,0,11.182,0,3,2,1,2,1,3,2,1,3,1,3,2
7/31/2020 13:09,7/31/2020 13:10,0,99.155.202.109,100,85,1,7/31/2020 13:10,R_1Kl28oV6KHVpuwM,,,,,33.15550232,-96.49810028,anonymous,EN,2,5,2,1,2,,,2,1,1,45,3,1,2,2,17.825,17.825,18.49,1,1,2,3,2,3,1,1,3,2,2,3,1
7/31/2020 13:09,7/31/2020 13:10,0,96.245.219.69,100,66,1,7/31/2020 13:10,R_2V8Ro3Emw8hqpji,,,,,40.14349365,-75.37789917,anonymous,EN,1,5,5,2,,2,,5,1,1,37,4,2,2,4,10.941,10.941,11.236,1,1,3,2,3,2,1,1,2,3,3,2,1
7/31/2020 13:09,7/31/2020 13:10,0,98.115.106.192,100,73,1,7/31/2020 13:10,R_1ON5GBvaAQtqvGf,,,,,40.04429626,-75.64720154,anonymous,EN,1,5,2,1,2,,,4,1,1,25,4,3,2,4,0,0,11.418,0,1,2,3,1,3,2,2,3,1,3,2,1
7/31/2020 13:09,7/31/2020 13:11,0,67.78.179.62,100,81,1,7/31/2020 13:11,R_AALXgKrjcC1ZTzP,,,,,28.54359436,-81.37380219,anonymous,EN,2,5,2,1,2,,,6,1,1,31,4,2,2,3,0,0,11.811,0,2,3,1,2,1,3,1,3,2,3,1,2
7/31/2020 13:09,7/31/2020 13:11,0,68.174.243.70,100,98,1,7/31/2020 13:11,R_Ail4uqy2V2Wp4Y1,,,,,40.60020447,-74.14689636,anonymous,EN,2,6,4,3,,,1,6,1,1,34,3,4,5,5,10.033,10.827,18.982,2,1,3,2,2,3,1,1,3,2,3,2,1
7/31/2020 13:09,7/31/2020 13:11,0,208.102.127.165,100,90,1,7/31/2020 13:11,R_3dYTkGfqLYgXMou,,,,,39.20410156,-84.39679718,anonymous,EN,2,2,1,1,1,,,4,1,20,57,5,2,4,4,0,0,12.358,0,2,3,1,3,2,1,1,3,2,2,3,1
7/31/2020 13:09,7/31/2020 13:11,0,24.18.81.212,100,98,1,7/31/2020 13:11,R_2QmLjjFPV9VReTS,,,,,48.05889893,-122.1578979,anonymous,EN,1,5,4,1,1,,,2,1,1,59,3,3,4,3,0,0,20.344,0,1,2,3,1,2,3,1,2,3,1,2,3
7/31/2020 13:09,7/31/2020 13:11,0,71.182.225.191,100,105,1,7/31/2020 13:11,R_40Lz7fl9uyOx9mx,,,,,40.53790283,-79.96420288,anonymous,EN,1,4,5,2,,2,,3,1,1,55,4,2,3,4,0,0,27.026,0,1,2,3,2,3,1,2,3,1,2,3,1
7/31/2020 13:09,7/31/2020 13:11,0,64.194.134.10,100,98,1,7/31/2020 13:11,R_27BZbMt0IhBI8sA,,,,,36.84199524,-119.6577988,anonymous,EN,1,5,2,2,,1,,3,1,1,31,4,5,4,5,0,0,11.85,0,1,2,3,3,2,1,2,1,3,3,1,2
7/31/2020 13:09,7/31/2020 13:11,0,100.6.102.245,100,97,1,7/31/2020 13:11,R_OczlLvtDgMvvKSJ,,,,,40.32139587,-80.03780365,anonymous,EN,2,2,1,1,1,,,6,1,1,28,5,1,1,5,2.386,11.162,21.677,4,1,3,2,3,2,1,1,3,2,3,2,1
7/31/2020 13:09,7/31/2020 13:11,0,35.138.13.59,100,108,1,7/31/2020 13:11,R_2qwPiTQsHd2ifpA,,,,,27.82569885,-82.13739777,anonymous,EN,2,2,7,2,,1,,4,1,20,42,3,2,3,2,0,0,14.736,0,3,1,2,2,1,3,2,3,1,3,2,1
7/31/2020 13:09,7/31/2020 13:11,0,70.176.4.186,100,100,1,7/31/2020 13:11,R_1DUr9GEIx99q2al,,,,,33.63380432,-112.2065964,anonymous,EN,2,5,7,2,,1,,2,1,21,30,5,1,2,4,8.066,8.066,11.524,1,1,2,3,3,2,1,1,3,2,2,3,1
7/31/2020 13:09,7/31/2020 13:11,0,72.68.192.46,100,108,1,7/31/2020 13:11,R_2dEnhOYxZfMd399,,,,,40.76300049,-73.99259949,anonymous,EN,1,6,5,2,,1,,4,1,16,26,4,5,4,4,0,0,14.986,0,1,3,2,3,2,1,1,2,3,2,3,1
7/31/2020 13:09,7/31/2020 13:11,0,50.243.115.26,100,111,1,7/31/2020 13:11,R_ToM4ss2D2k8fUBj,,,,,36.01300049,-84.26239777,anonymous,EN,2,5,6,2,,2,,2,1,16,31,4,2,2,3,0,0,19.195,0,2,3,1,2,3,1,1,3,2,,,
7/31/2020 13:10,7/31/2020 13:11,0,76.18.78.237,100,79,1,7/31/2020 13:11,R_1OvrZ74qReHbHBE,,,,,35.62190247,-105.8687973,anonymous,EN,2,6,2,3,,,1,5,1,21,35,5,1,1,4,0,0,11.341,0,1,3,2,3,2,1,1,2,3,1,3,2
7/31/2020 13:09,7/31/2020 13:11,0,70.126.120.226,100,126,1,7/31/2020 13:11,R_2mlDzyE8xVhXHPj,,,,,27.81799316,-82.73400116,anonymous,EN,2,6,2,1,2,,,5,1,18,30,3,1,2,4,28.225,28.225,39.513,1,1,2,3,3,2,1,2,1,3,3,2,1
7/31/2020 13:09,7/31/2020 13:11,0,173.170.39.33,100,122,1,7/31/2020 13:11,R_1LYfCIyN7mshOiO,,,,,28.47970581,-82.55619812,anonymous,EN,1,5,3,2,,1,,2,1,1,40,2,3,4,3,2.258,12.153,13.216,18,1,3,2,1,3,2,1,3,2,2,3,1
7/31/2020 13:09,7/31/2020 13:11,0,38.68.53.17,100,110,1,7/31/2020 13:11,R_1IGmHjk7CCEghm4,,,,,37.75100708,-97.8219986,anonymous,EN,2,5,2,3,,,1,2,1,1,27,4,5,4,3,0,0,16.946,0,1,2,3,2,3,1,1,2,3,2,3,1
7/31/2020 13:10,7/31/2020 13:11,0,65.31.180.86,100,91,1,7/31/2020 13:11,R_3sbv4tPK9Iwi7aA,,,,,42.88949585,-87.90740204,anonymous,EN,1,2,4,3,,,1,6,1,1,24,4,5,4,4,11.902,13.903,18.623,2,1,3,2,1,3,2,3,1,2,3,1,2
7/31/2020 13:09,7/31/2020 13:11,0,75.131.42.68,100,131,1,7/31/2020 13:11,R_stGhVne7gzAarF7,,,,,35.68840027,-84.07689667,anonymous,EN,2,6,1,1,1,,,3,1,1,32,4,3,4,5,0,0,43.763,0,1,3,2,3,2,1,1,3,2,1,2,3
7/31/2020 13:09,7/31/2020 13:11,0,69.61.31.196,100,111,1,7/31/2020 13:11,R_3Gw7L1mdZQ5sbN9,,,,,37.75100708,-97.8219986,anonymous,EN,1,5,4,3,,,1,5,1,1,26,3,4,3,3,12.79,12.79,19.027,1,1,3,2,1,3,2,1,3,2,,,
7/31/2020 13:09,7/31/2020 13:11,0,69.1.25.160,100,147,1,7/31/2020 13:11,R_1dLzfBMLYBDCH3s,,,,,34.70950317,-86.73609924,anonymous,EN,2,5,4,3,,,1,6,1,21,33,2,3,1,4,0,0,28.57,0,1,2,3,3,2,1,1,3,2,3,1,2
7/31/2020 13:10,7/31/2020 13:11,0,69.74.180.43,100,110,1,7/31/2020 13:11,R_31SrKxpln95SSmh,,,,,40.72349548,-73.70210266,anonymous,EN,2,5,1,1,1,,,1,1,1,25,2,3,4,5,0,0,13.361,0,1,3,2,1,2,3,1,2,3,2,3,1
7/31/2020 13:09,7/31/2020 13:11,0,172.89.167.91,100,137,1,7/31/2020 13:11,R_PAi5fq7AbZDFiRb,,,,,33.73989868,-117.0150986,anonymous,EN,1,5,6,1,2,,,4,1,1,25,5,3,4,4,0,0,51.468,0,1,2,3,1,2,3,1,3,2,1,3,2
7/31/2020 13:09,7/31/2020 13:12,0,69.247.149.50,100,144,1,7/31/2020 13:12,R_2vhRytVkI3z54kH,,,,,36.26460266,-86.70200348,anonymous,EN,1,5,3,3,,,1,4,1,1,32,5,1,2,5,0,0,36.751,0,1,2,3,2,3,1,1,3,2,3,2,1
7/31/2020 13:09,7/31/2020 13:12,0,47.147.89.219,100,145,1,7/31/2020 13:12,R_exnHAtXF8kfytWh,,,,,33.83210754,-118.1739044,anonymous,EN,2,5,6,2,,1,,1,1,1,34,4,3,4,3,0,0,24.313,0,1,2,3,1,2,3,1,2,3,1,2,3
7/31/2020 13:10,7/31/2020 13:12,0,136.49.152.96,100,115,1,7/31/2020 13:12,R_334jHFOkd93dP7r,,,,,30.23039246,-97.72429657,anonymous,EN,1,5,4,3,,,1,5,1,1,42,3,3,1,5,0,0,27.998,0,3,1,2,2,3,1,1,3,2,3,2,1
7/31/2020 13:09,7/31/2020 13:12,0,67.140.169.139,100,150,1,7/31/2020 13:12,R_2VK41mDMjZGgOoJ,,,,,37.09950256,-84.11309814,anonymous,EN,1,4,1,1,1,,,6,1,21,34,4,1,1,5,0,0,32.141,0,1,2,3,3,2,1,2,3,1,1,2,3
7/31/2020 13:09,7/31/2020 13:12,0,208.103.142.156,100,153,1,7/31/2020 13:12,R_10qj8bdNLUQ0daf,,,,,45.57029724,-84.84249878,anonymous,EN,1,2,1,3,,,1,6,1,17,23,5,1,1,5,1.994,48.077,53.71,4,3,1,2,3,2,1,1,2,3,3,2,1
7/31/2020 13:10,7/31/2020 13:12,0,73.232.190.44,100,107,1,7/31/2020 13:12,R_2v0lzqkGLD0iTIp,,,,,29.84779358,-95.65989685,anonymous,EN,1,5,5,1,1,,,3,1,1,30,4,3,3,4,7.324,7.324,11.896,1,2,1,3,2,1,3,3,1,2,1,3,2
7/31/2020 13:09,7/31/2020 13:12,0,209.159.217.88,100,147,1,7/31/2020 13:12,R_3smIHQe24OSs2Cu,,,,,44.14149475,-103.2052002,anonymous,EN,1,5,4,2,,2,,2,1,1,44,4,2,2,3,0,0,23.615,0,3,1,2,1,2,3,1,3,2,3,2,1
7/31/2020 13:10,7/31/2020 13:12,0,24.164.152.204,100,117,1,7/31/2020 13:12,R_3CVpm7Lp8knNSEX,,,,,40.55180359,-74.15260315,anonymous,EN,2,6,1,1,1,,,1,1,16,25,4,5,3,4,0,0,12.978,0,1,2,3,1,2,3,1,2,3,1,2,3
7/31/2020 13:10,7/31/2020 13:12,0,65.29.211.51,100,93,1,7/31/2020 13:12,R_1reLTQMskjVkKj2,,,,,41.05299377,-81.48320007,anonymous,EN,1,4,6,2,,1,,4,1,1,30,3,4,3,3,0,0,18.118,0,2,3,1,1,3,2,1,2,3,2,3,1
7/31/2020 13:09,7/31/2020 13:12,0,172.58.103.198,100,153,1,7/31/2020 13:12,R_1JLWWQhbizPvVw5,,,,,29.79249573,-95.36730194,anonymous,EN,2,4,5,1,2,,,6,1,1,36,5,2,2,5,0,0,20.113,0,1,3,2,1,2,3,2,3,1,1,2,3
7/31/2020 13:09,7/31/2020 13:12,0,98.156.170.84,100,138,1,7/31/2020 13:12,R_2YzHe6FRFPIhBle,,,,,30.36430359,-97.68640137,anonymous,EN,2,6,6,2,,1,,2,1,1,42,5,4,3,5,15.411,15.942,18.06,2,1,2,3,1,2,3,1,2,3,1,2,3
7/31/2020 13:10,7/31/2020 13:12,0,198.228.69.129,100,96,1,7/31/2020 13:12,R_R9LOFMin4FTmYut,,,,,37.75100708,-97.8219986,anonymous,EN,2,2,7,2,,1,,2,1,1,35,4,5,4,5,0,0,14.594,0,2,3,1,3,2,1,1,3,2,2,3,1
7/31/2020 13:10,7/31/2020 13:12,0,185.33.85.165,100,119,1,7/31/2020 13:12,R_2BbrYutIb8OGEx9,,,,,41.84829712,-87.65170288,anonymous,EN,1,6,2,2,,1,,2,1,1,32,5,4,5,4,0,0,33.314,0,2,1,3,1,2,3,1,2,3,3,1,2
7/31/2020 13:09,7/31/2020 13:12,0,38.135.104.160,100,156,1,7/31/2020 13:12,R_ZI76iWHU6G4PTI5,,,,,40.7263031,-73.98179626,anonymous,EN,1,5,2,2,,1,,2,1,1,25,4,3,4,5,11.958,11.958,15.073,1,1,3,2,3,2,1,2,1,3,1,3,2
7/31/2020 13:10,7/31/2020 13:12,0,38.68.50.25,100,133,1,7/31/2020 13:12,R_21yzqEV8stUCSp4,,,,,37.75100708,-97.8219986,anonymous,EN,2,5,3,2,,2,,3,1,1,30,4,2,4,3,8.007,14.629,19.435,2,2,1,3,2,1,3,2,1,3,1,2,3
7/31/2020 13:09,7/31/2020 13:12,0,99.75.53.174,100,163,1,7/31/2020 13:12,R_1CvyhP1PYrUjCRs,,,,,42.02209473,-88.17050171,anonymous,EN,1,4,1,3,,,1,6,1,21,26,5,1,4,2,3.109,5.645,32.628,3,1,3,2,2,1,3,1,2,3,1,2,3
7/31/2020 13:09,7/31/2020 13:12,0,69.115.83.123,100,175,1,7/31/2020 13:12,R_2qt9zVA4afxWjlm,,,,,40.55110168,-74.46060181,anonymous,EN,2,4,6,2,,1,,5,1,1,58,4,2,3,4,0,0,18.673,0,3,2,1,3,2,1,1,2,3,3,2,1
7/31/2020 13:09,7/31/2020 13:12,0,24.152.206.152,100,167,1,7/31/2020 13:12,R_3O6aDecHlbqWUKs,,,,,40.98599243,-75.24359894,anonymous,EN,1,3,3,1,2,,,5,1,17,30,5,1,1,5,10.451,21.351,29.655,5,3,1,2,3,2,1,1,3,2,3,1,2
7/31/2020 13:10,7/31/2020 13:12,0,181.215.76.62,100,140,1,7/31/2020 13:12,R_4HEY8F0IYrGP1It,,,,,40.81610107,-96.70359802,anonymous,EN,1,5,6,1,1,,,2,1,1,29,3,4,5,4,2.017,2.017,14,1,3,2,1,1,2,3,3,1,2,3,1,2
7/31/2020 13:09,7/31/2020 13:12,0,67.191.103.46,100,160,1,7/31/2020 13:12,R_3P5mZ0jU5c8dBGQ,,,,,30.44999695,-81.66239929,anonymous,EN,1,5,6,2,,1,,3,1,1,54,4,3,5,4,0,0,11.953,0,2,1,3,3,1,2,1,3,2,1,2,3
7/31/2020 13:11,7/31/2020 13:12,0,64.121.102.112,100,64,1,7/31/2020 13:12,R_yHL6yiUu7MqIgpz,,,,,40.58850098,-75.46420288,anonymous,EN,1,5,2,1,2,,,5,1,1,28,3,2,1,3,0.967,10.417,11.748,4,1,3,2,2,3,1,1,3,2,2,3,1
7/31/2020 13:09,7/31/2020 13:12,0,97.118.240.131,100,161,1,7/31/2020 13:12,R_2bJeV9LnpcbkAya,,,,,39.69599915,-105.0345993,anonymous,EN,1,5,2,2,,1,,2,1,1,30,4,5,4,5,0,0,13.742,0,2,1,3,2,1,3,1,3,2,1,3,2
7/31/2020 13:10,7/31/2020 13:12,0,63.117.158.16,100,131,1,7/31/2020 13:12,R_qwGQcH6QDlcHpHr,,,,,33.72239685,-84.52050018,anonymous,EN,1,6,1,3,,,1,2,1,1,52,5,4,3,5,3.971,14.564,15.393,3,1,3,2,1,2,3,2,3,1,2,3,1
7/31/2020 13:10,7/31/2020 13:12,0,108.41.104.169,100,147,1,7/31/2020 13:12,R_305ygI77R8qIP0g,,,,,40.62860107,-73.93900299,anonymous,EN,2,5,1,1,1,,,6,1,1,59,5,2,2,5,14.008,14.008,22.119,1,1,3,2,1,3,2,1,3,2,3,1,2
7/31/2020 13:10,7/31/2020 13:12,0,74.138.212.65,100,152,1,7/31/2020 13:12,R_1lbZ9RSSPYblegG,,,,,38.24060059,-85.81559753,anonymous,EN,2,4,6,3,,,2,1,2,20,28,5,1,2,3,0,0,23.719,0,1,2,3,3,2,1,1,3,2,3,2,1
7/31/2020 13:09,7/31/2020 13:12,0,142.129.146.45,100,174,1,7/31/2020 13:12,R_3EGbKoPLXwJcrBk,,,,,33.98539734,-117.8972015,anonymous,EN,1,5,6,2,,1,,2,1,1,64,4,3,4,5,0,0,38.993,0,1,2,3,3,1,2,1,3,2,2,3,1
7/31/2020 13:09,7/31/2020 13:12,0,172.101.189.116,100,171,1,7/31/2020 13:12,R_248gd6HoZ0qeQSl,,,,,43.12339783,-77.73339844,anonymous,EN,2,5,6,1,1,,,3,1,1,25,4,5,4,4,0,0,30.517,0,1,2,3,2,3,1,3,1,2,3,1,2
7/31/2020 13:09,7/31/2020 13:12,0,70.113.5.102,100,160,1,7/31/2020 13:12,R_2Eu6CXiZVmsEYMe,,,,,30.09309387,-97.85649872,anonymous,EN,1,6,2,1,1,,,6,1,19,63,5,1,2,4,0,0,11.392,0,3,2,1,2,3,1,3,2,1,2,3,1
7/31/2020 13:11,7/31/2020 13:12,0,38.68.53.1,100,97,1,7/31/2020 13:12,R_2qgbU40ZHUcGhAU,,,,,37.75100708,-97.8219986,anonymous,EN,2,6,6,1,1,,,3,1,1,35,3,2,1,2,2.339,2.565,12.111,2,1,2,3,3,1,2,1,2,3,2,3,1
7/31/2020 13:10,7/31/2020 13:12,0,71.235.54.193,100,156,1,7/31/2020 13:12,R_3nD9ipa56VAZgMM,,,,,41.79330444,-72.7385025,anonymous,EN,1,5,5,1,1,,,3,1,1,25,3,4,5,3,0,0,13.064,0,2,1,3,3,2,1,2,3,1,3,1,2
7/31/2020 13:09,7/31/2020 13:12,0,99.25.96.104,100,181,1,7/31/2020 13:12,R_2ymv839YkAhBSsT,,,,,41.38470459,-81.79820251,anonymous,EN,1,6,4,3,,,1,5,2,17,47,4,2,2,4,0,0,21.742,0,1,2,3,3,2,1,1,3,2,2,3,1
7/31/2020 13:09,7/31/2020 13:12,0,69.222.134.196,100,180,1,7/31/2020 13:12,R_Xqbkdpuuki4lKql,,,,,33.78379822,-84.44550323,anonymous,EN,1,5,5,2,,1,,3,1,16,32,5,4,5,5,0,0,74.192,0,3,1,2,3,1,2,3,1,2,1,2,3
7/31/2020 13:10,7/31/2020 13:12,0,72.200.194.33,100,129,1,7/31/2020 13:12,R_1CduqVROGyexVGf,,,,,35.23379517,-97.40950012,anonymous,EN,1,4,4,3,,,2,6,1,1,26,5,1,1,5,0,0,23.177,0,1,2,3,3,2,1,2,3,1,3,2,1
7/31/2020 13:10,7/31/2020 13:12,0,73.101.160.71,100,152,1,7/31/2020 13:12,R_2WDrOD7XhRrmwPZ,,,,,39.9552002,-76.66529846,anonymous,EN,2,5,6,2,,1,,6,1,1,59,3,4,5,4,0,0,11.986,0,3,2,1,1,2,3,3,2,1,3,2,1
7/31/2020 13:09,7/31/2020 13:12,0,172.116.27.192,100,180,1,7/31/2020 13:12,R_1laQZFfx5zqsaBX,,,,,33.92489624,-117.459198,anonymous,EN,1,6,2,2,,1,,3,1,1,50,3,2,4,3,0,0,31.718,0,1,2,3,1,3,2,1,2,3,3,2,1
7/31/2020 13:09,7/31/2020 13:12,0,75.143.182.42,100,189,1,7/31/2020 13:12,R_1GUmQGtfbnVfcHt,,,,,35.73190308,-81.70909882,anonymous,EN,2,5,6,2,,1,,1,1,16,32,4,5,5,4,30.326,30.326,33.77,1,2,3,1,1,2,3,2,3,1,2,3,1
7/31/2020 13:12,7/31/2020 13:12,0,68.197.64.235,100,34,1,7/31/2020 13:12,R_10D8hJlULz0FCJB,,,,,40.51750183,-74.39910126,anonymous,EN,1,5,1,1,1,,,6,1,1,27,3,3,3,3,5.01,10.597,10.798,4,1,3,2,1,3,2,2,3,1,1,3,2
7/31/2020 13:09,7/31/2020 13:12,0,208.192.16.133,100,185,1,7/31/2020 13:12,R_2WHKvUsF9rhEkQM,,,,,40.43060303,-74.40200043,anonymous,EN,2,5,4,3,,,1,3,2,19,53,4,2,3,4,2.28,10.472,12.313,2,1,3,2,3,2,1,3,1,2,1,3,2
7/31/2020 13:09,7/31/2020 13:12,0,69.254.14.215,100,195,1,7/31/2020 13:12,R_1OrV32V7ATBTnxg,,,,,33.36010742,-82.00839996,anonymous,EN,1,5,5,2,,1,,3,1,1,28,3,2,3,4,0,0,15.577,0,1,3,2,3,2,1,3,2,1,2,3,1
7/31/2020 13:10,7/31/2020 13:12,0,73.116.168.229,100,143,1,7/31/2020 13:12,R_2UgTncPli10OATT,,,,,38.47990417,-121.4450989,anonymous,EN,2,6,6,2,,1,,3,1,1,32,4,5,3,5,0,0,14.493,0,1,2,3,1,2,3,1,2,3,1,2,3
7/31/2020 13:11,7/31/2020 13:12,0,47.7.97.67,100,96,1,7/31/2020 13:12,R_26l5dvPh1rt7aba,,,,,30.54359436,-89.68959808,anonymous,EN,1,5,7,2,,1,,2,1,1,33,5,4,3,3,0,0,29.001,0,3,1,2,2,3,1,2,3,1,1,2,3
7/31/2020 13:10,7/31/2020 13:12,0,69.115.71.137,100,156,1,7/31/2020 13:12,R_eFo4ak6esXlps3v,,,,,40.8881073,-73.84140015,anonymous,EN,1,5,6,1,2,,,3,1,1,25,3,3,3,5,0,0,60.256,0,2,3,1,1,2,3,1,2,3,2,3,1
7/31/2020 13:10,7/31/2020 13:13,0,75.138.109.88,100,178,1,7/31/2020 13:13,R_1kM6zpHeelCimoc,,,,,34.52510071,-82.63069916,anonymous,EN,1,5,6,2,,1,,2,1,1,30,4,4,5,2,1.666,7.757,12.783,2,1,2,3,1,2,3,1,2,3,1,2,3
7/31/2020 13:11,7/31/2020 13:13,0,73.228.171.82,100,103,1,7/31/2020 13:13,R_1FQH8NWkZpbdcYM,,,,,44.87690735,-93.25350189,anonymous,EN,2,5,4,1,2,,,2,1,1,47,4,4,4,4,4.316,14.095,15.459,11,2,3,1,3,1,2,1,3,2,3,1,2
7/31/2020 13:09,7/31/2020 13:13,0,73.109.85.240,100,213,1,7/31/2020 13:13,R_1cZLlWGZ5BYZqig,,,,,47.63000488,-122.2971954,anonymous,EN,2,2,2,1,1,,,6,1,1,32,2,3,3,3,0,0,53.768,0,2,3,1,3,1,2,3,1,2,2,3,1
7/31/2020 13:09,7/31/2020 13:13,0,75.139.46.75,100,195,1,7/31/2020 13:13,R_5tJLPf3deiRpPi1,,,,,32.91439819,-85.94100189,anonymous,EN,1,5,6,2,,1,,1,1,1,30,4,5,4,3,0,0,76.585,0,2,1,3,1,3,2,3,2,1,3,1,2
7/31/2020 13:09,7/31/2020 13:13,0,173.171.15.5,100,197,1,7/31/2020 13:13,R_2q2gf7eIeu1dlAu,,,,,27.86720276,-82.35030365,anonymous,EN,1,5,4,2,,1,,2,1,16,28,5,5,5,5,0,0,11.728,0,1,2,3,2,3,1,3,1,2,3,2,1
7/31/2020 13:10,7/31/2020 13:13,0,70.94.236.100,100,130,1,7/31/2020 13:13,R_1FVCyGTsUkjqWUp,,,,,31.3480072,-85.7213974,anonymous,EN,1,5,1,2,,1,,1,1,1,30,5,4,3,4,0,0,17.721,0,2,3,1,3,1,2,3,2,1,2,1,3
7/31/2020 13:09,7/31/2020 13:13,0,173.174.139.140,100,193,1,7/31/2020 13:13,R_3lDJ3TS8QdaHrtl,,,,,29.57380676,-98.22920227,anonymous,EN,1,5,2,2,,1,,2,1,1,46,2,1,3,2,0,0,12.945,0,1,2,3,2,1,3,3,2,1,3,1,2
7/31/2020 13:11,7/31/2020 13:13,0,98.116.37.151,100,93,1,7/31/2020 13:13,R_10Yt8Xu87c8l9er,,,,,40.74839783,-73.86199951,anonymous,EN,1,3,1,1,1,,,4,1,21,24,4,2,5,4,0,0,26.328,0,3,1,2,1,3,2,2,1,3,1,3,2
7/31/2020 13:10,7/31/2020 13:13,0,198.228.69.74,100,152,1,7/31/2020 13:13,R_eRp6MBAVuuOKCg9,,,,,37.75100708,-97.8219986,anonymous,EN,1,5,2,1,1,,,4,1,1,65,4,4,3,4,0,0,28.663,0,3,1,2,2,3,1,1,3,2,1,2,3
7/31/2020 13:09,7/31/2020 13:13,0,73.202.71.176,100,211,1,7/31/2020 13:13,R_1kNYOzNegito5Dj,,,,,37.35899353,-122.0866013,anonymous,EN,1,5,2,1,1,,,4,1,1,27,4,1,4,1,0,0,36.986,0,1,2,3,1,2,3,1,3,2,,,
7/31/2020 13:11,7/31/2020 13:13,0,198.228.81.114,100,115,1,7/31/2020 13:13,R_1LChSiB5xzrpQKA,,,,,37.75100708,-97.8219986,anonymous,EN,2,6,3,2,,1,,3,2,19,48,4,3,4,3,0,0,20.608,0,2,3,1,1,2,3,1,2,3,3,2,1
7/31/2020 13:09,7/31/2020 13:13,0,142.0.210.61,100,221,1,7/31/2020 13:13,R_D8MI1bEJMuNqfG9,,,,,43.37840271,-116.5489044,anonymous,EN,2,5,2,1,1,,,6,1,1,32,4,1,2,4,5.26,15.508,27.169,2,1,3,2,3,2,1,2,3,1,3,2,1
7/31/2020 13:10,7/31/2020 13:13,0,69.114.214.242,100,192,1,7/31/2020 13:13,R_UywGnFs342UIuU9,,,,,40.61790466,-73.98560333,anonymous,EN,2,5,2,1,1,,,3,1,1,25,4,2,5,3,0,0,20.108,0,1,3,2,1,3,2,3,1,2,1,3,2
7/31/2020 13:10,7/31/2020 13:13,0,71.227.212.110,100,147,1,7/31/2020 13:13,R_3EgVUt2v2kjMTRj,,,,,47.14430237,-122.2545013,anonymous,EN,1,5,6,2,,2,,2,1,1,33,4,5,4,5,0,0,12.452,0,2,3,1,3,1,2,1,3,2,2,3,1
7/31/2020 13:09,7/31/2020 13:13,0,50.82.72.81,100,209,1,7/31/2020 13:13,R_sSTPIilNAxfJYrf,,,,,37.21170044,-93.2990036,anonymous,EN,2,5,6,2,,1,,1,1,1,30,4,5,4,4,0,0,13.46,0,2,3,1,2,3,1,2,3,1,2,3,1
7/31/2020 13:11,7/31/2020 13:13,0,142.197.105.65,100,98,1,7/31/2020 13:13,R_2aJptEwPwRnJE2a,,,,,28.59779358,-81.30239868,anonymous,EN,1,5,4,2,,1,,2,1,1,27,3,3,4,3,0,0,32.328,0,1,2,3,1,2,3,1,2,3,1,3,2
7/31/2020 13:11,7/31/2020 13:13,0,67.11.211.128,100,118,1,7/31/2020 13:13,R_ebM6VNsNakXBZ1T,,,,,29.58259583,-98.40910339,anonymous,EN,1,6,4,3,,,2,6,1,1,34,1,4,4,1,1.15,24.711,25.709,7,1,2,3,3,2,1,1,2,3,3,2,1
7/31/2020 13:09,7/31/2020 13:13,0,99.203.187.224,100,231,1,7/31/2020 13:13,R_tLJMYVhMlDOaDnj,,,,,41.07929993,-81.52290344,anonymous,EN,2,2,4,3,,,2,6,1,21,30,4,1,2,4,5.165,59.05,70.841,9,1,2,3,3,2,1,2,1,3,3,2,1
7/31/2020 13:09,7/31/2020 13:13,0,68.104.87.122,100,225,1,7/31/2020 13:13,R_2VEC4RQwPc7n2Pn,,,,,36.01289368,-115.2117996,anonymous,EN,2,5,4,3,,,1,4,1,16,57,4,3,4,4,25.561,25.561,30.669,1,1,3,2,1,2,3,1,2,3,1,2,3
7/31/2020 13:11,7/31/2020 13:13,0,107.77.230.42,100,130,1,7/31/2020 13:13,R_1dh2U9XLNy6GlXy,,,,,33.87910461,-117.9821014,anonymous,EN,1,5,3,3,,,1,3,1,1,25,3,5,4,3,0,0,14.124,0,1,2,3,3,1,2,2,1,3,1,2,3
7/31/2020 13:10,7/31/2020 13:13,0,208.254.224.48,100,173,1,7/31/2020 13:13,R_3e2hU8ZcUDxUur7,,,,,37.75100708,-97.8219986,anonymous,EN,2,5,2,1,2,,,2,1,1,35,4,2,3,3,0,0,24.98,0,2,1,3,1,2,3,1,2,3,3,1,2
7/31/2020 13:10,7/31/2020 13:13,0,76.180.102.115,100,171,1,7/31/2020 13:13,R_2qb0V3CExmUYfqY,,,,,42.91549683,-78.88220215,anonymous,EN,2,5,2,1,2,,,2,1,1,25,4,4,5,4,0,0,21.602,0,3,1,2,2,1,3,3,2,1,1,3,2
7/31/2020 13:10,7/31/2020 13:13,0,191.101.163.60,100,198,1,7/31/2020 13:13,R_Y9RvRvOGi2j8uAh,,,,,29.80999756,-95.56079865,anonymous,EN,2,5,7,2,,1,,1,1,1,42,5,4,4,5,0,0,18.34,0,1,2,3,3,2,1,3,1,2,2,1,3
7/31/2020 13:10,7/31/2020 13:13,0,73.124.239.147,100,227,1,7/31/2020 13:13,R_Y6cyqu3HfqBilqh,,,,,26.31109619,-80.09819794,anonymous,EN,1,5,7,2,,1,,1,1,1,39,5,4,5,4,0,0,30.605,0,1,2,3,1,2,3,3,2,1,,,
7/31/2020 13:09,7/31/2020 13:13,0,73.143.165.55,100,262,1,7/31/2020 13:13,R_sLjSiNC30F8ye9X,,,,,41.68530273,-72.92960358,anonymous,EN,2,5,5,2,,1,,2,1,1,68,3,4,5,4,0,0,41.231,0,1,2,3,2,1,3,1,2,3,1,2,3
7/31/2020 13:10,7/31/2020 13:13,0,198.228.68.79,100,227,1,7/31/2020 13:13,R_3g25uUUDW7FFgvS,,,,,37.75100708,-97.8219986,anonymous,EN,2,6,6,2,,1,,3,1,1,30,5,4,3,4,0,0,29.644,0,3,2,1,2,1,3,3,2,1,1,2,3
7/31/2020 13:12,7/31/2020 13:13,0,185.33.85.165,100,93,1,7/31/2020 13:13,R_2cAtA1DNbO9iowE,,,,,41.84829712,-87.65170288,anonymous,EN,1,5,2,2,,1,,2,1,1,32,5,4,3,5,0,0,16.373,0,1,2,3,1,2,3,1,2,3,1,2,3
7/31/2020 13:12,7/31/2020 13:13,0,198.228.81.207,100,104,1,7/31/2020 13:13,R_3Hh0X0fjphSveD1,,,,,37.75100708,-97.8219986,anonymous,EN,1,6,2,3,,,2,2,1,1,32,5,2,5,5,2.854,2.854,16.807,1,3,2,1,2,3,1,2,1,3,2,1,3
7/31/2020 13:11,7/31/2020 13:13,0,173.169.128.251,100,150,1,7/31/2020 13:13,R_2rkirIwG7pc8Bf2,,,,,28.19509888,-81.60620117,anonymous,EN,1,2,4,3,,,2,6,1,1,39,5,3,4,3,0,0,29.059,0,1,2,3,1,2,3,1,2,3,1,2,3
7/31/2020 13:12,7/31/2020 13:14,0,198.228.69.129,100,104,1,7/31/2020 13:14,R_1LuSJeYEucf3QL4,,,,,37.75100708,-97.8219986,anonymous,EN,2,2,7,2,,1,,1,1,1,35,5,4,5,4,0,0,11.735,0,1,2,3,1,2,3,1,2,3,1,2,3
7/31/2020 13:12,7/31/2020 13:14,0,68.8.163.160,100,75,1,7/31/2020 13:14,R_3PBqOuBR434givG,,,,,32.74049377,-117.0934982,anonymous,EN,1,2,4,1,2,,,6,1,1,38,2,4,1,5,0,0,11.986,0,1,3,2,1,3,2,1,3,2,3,2,1
7/31/2020 13:10,7/31/2020 13:14,0,70.117.254.250,100,244,1,7/31/2020 13:14,R_1FrH6imxOPAIYAn,,,,,26.16499329,-97.98919678,anonymous,EN,1,4,7,1,1,,,2,1,1,29,5,4,3,4,0,0,42.87,0,2,1,3,3,2,1,2,1,3,3,2,1
7/31/2020 13:11,7/31/2020 13:14,0,75.131.42.68,100,127,1,7/31/2020 13:14,R_1f8TG9vWytOvu81,,,,,35.80830383,-84.26999664,anonymous,EN,2,6,1,1,1,,,2,1,1,32,4,5,4,3,0,0,26.477,0,2,1,3,2,1,3,1,2,3,1,2,3
7/31/2020 13:10,7/31/2020 13:14,0,68.38.3.147,100,196,1,7/31/2020 13:14,R_2EcxZWWC4S2zBQC,,,,,40.50250244,-86.14620209,anonymous,EN,1,5,3,2,,2,,3,1,16,28,3,4,3,4,0,0,36.154,0,1,3,2,3,1,2,3,2,1,3,1,2
7/31/2020 13:11,7/31/2020 13:14,0,67.183.136.243,100,171,1,7/31/2020 13:14,R_3RaQ8NM7Li8WdGL,,,,,47.63000488,-122.2971954,anonymous,EN,1,5,4,1,1,,,5,1,1,48,2,3,4,3,0,0,12.479,0,3,1,2,2,3,1,1,3,2,3,1,2
7/31/2020 13:10,7/31/2020 13:14,0,181.214.182.5,100,202,1,7/31/2020 13:14,R_1pxTxfF812CZHWf,,,,,33.45889282,-112.0709,anonymous,EN,1,5,3,2,,1,,6,1,1,40,4,3,4,4,0,0,18.076,0,3,1,2,3,1,2,1,3,2,2,1,3
7/31/2020 13:11,7/31/2020 13:14,0,181.214.185.249,100,160,1,7/31/2020 13:14,R_2ZDYOkIkJ1ELliJ,,,,,41.84829712,-87.65170288,anonymous,EN,1,5,6,1,1,,,2,1,1,26,5,2,2,4,31.507,31.507,31.773,1,3,2,1,2,1,3,1,2,3,1,2,3
7/31/2020 13:09,7/31/2020 13:14,0,198.228.69.228,100,273,1,7/31/2020 13:14,R_3NKVrcCreNUfnoz,,,,,37.75100708,-97.8219986,anonymous,EN,1,5,3,1,1,,,3,1,1,33,4,5,4,5,0,0,64.878,0,1,2,3,3,1,2,3,1,2,1,2,3
7/31/2020 13:12,7/31/2020 13:14,0,69.222.134.196,100,90,1,7/31/2020 13:14,R_2xLyMtFU3Us90dj,,,,,33.78379822,-84.44550323,anonymous,EN,1,5,3,2,,1,,2,1,16,32,4,5,4,5,0,0,13.51,0,3,1,2,3,1,2,3,2,1,3,2,1
7/31/2020 13:09,7/31/2020 13:14,0,191.102.134.2,100,280,1,7/31/2020 13:14,R_2EiC4dKmWWKV6rZ,,,,,41.04420471,-73.96089935,anonymous,EN,1,5,7,1,1,,,2,1,1,29,4,3,5,4,0,0,39.115,0,3,2,1,2,1,3,1,2,3,3,1,2
7/31/2020 13:11,7/31/2020 13:14,0,66.177.155.188,100,158,1,7/31/2020 13:14,R_2Yy0ViDC4WvYFBU,,,,,30.36680603,-81.58730316,anonymous,EN,1,4,2,2,,1,,2,1,1,59,4,5,4,5,0,0,13.37,0,2,3,1,3,1,2,2,3,1,3,1,2
7/31/2020 13:12,7/31/2020 13:14,0,73.118.211.117,100,144,1,7/31/2020 13:14,R_3CPB5BJeuVZrzkE,,,,,47.37840271,-122.2169952,anonymous,EN,1,5,4,2,,1,,3,1,1,35,4,3,3,4,5.34,22.238,24.262,3,1,2,3,3,2,1,3,1,2,2,3,1
7/31/2020 13:09,7/31/2020 13:14,0,162.211.38.236,100,285,1,7/31/2020 13:14,R_2WZpwFgs5b6WgZk,,,,,39.64950562,-86.86859894,anonymous,EN,2,4,6,2,,1,,4,1,16,57,4,4,2,4,0,0,33.481,0,1,2,3,1,3,2,1,2,3,2,3,1
7/31/2020 13:12,7/31/2020 13:14,0,73.85.12.33,100,130,1,7/31/2020 13:14,R_CaGANy23LegrHFL,,,,,25.77029419,-80.2071991,anonymous,EN,2,4,3,3,,,1,6,1,1,25,3,2,3,5,0,0,15.881,0,2,1,3,3,2,1,1,3,2,3,1,2
7/31/2020 13:09,7/31/2020 13:14,0,67.162.197.36,100,278,1,7/31/2020 13:14,R_xadlXmlyGdrvd6N,,,,,34.81080627,-92.22489929,anonymous,EN,1,5,6,2,,1,,2,1,1,61,5,4,5,3,4.241,4.241,21.898,1,2,1,3,3,1,2,2,1,3,2,3,1
7/31/2020 13:12,7/31/2020 13:14,0,47.147.89.219,100,148,1,7/31/2020 13:14,R_2RVaHRHnmDoQLWk,,,,,33.83210754,-118.1739044,anonymous,EN,2,5,6,2,,1,,1,1,1,34,3,4,5,3,0,0,23.195,0,1,2,3,2,1,3,1,2,3,1,2,3
7/31/2020 13:11,7/31/2020 13:14,0,98.121.208.174,100,158,1,7/31/2020 13:14,R_2VqejznOZ3zK9Pp,,,,,33.498703,-80.84660339,anonymous,EN,1,6,6,1,1,,,2,1,1,45,5,4,4,4,0,0,16.57,0,3,2,1,3,2,1,2,3,1,2,3,1
7/31/2020 13:10,7/31/2020 13:14,0,212.103.48.132,100,282,1,7/31/2020 13:14,R_d3V67aF4Lq7A8z7,,,,,40.71569824,-74,anonymous,EN,1,5,2,2,,2,,4,1,1,33,5,1,3,4,0,0,38.708,0,2,1,3,1,2,3,1,2,3,2,1,3
7/31/2020 13:09,7/31/2020 13:14,0,68.43.214.230,100,285,1,7/31/2020 13:14,R_9ZA7KXzn7lMVJZv,,,,,42.54029846,-83.3789978,anonymous,EN,1,5,4,1,2,,,4,1,1,32,2,4,5,5,0,0,37.908,0,1,3,2,2,3,1,2,3,1,3,1,2
7/31/2020 13:11,7/31/2020 13:14,0,208.192.16.212,100,195,1,7/31/2020 13:14,R_3sySZjhLrB6lzvQ,,,,,40.43060303,-74.40200043,anonymous,EN,2,5,6,2,,2,,2,1,1,49,5,4,5,5,4.451,13.825,14.943,2,2,1,3,3,2,1,1,2,3,1,2,3
7/31/2020 13:09,7/31/2020 13:14,0,72.200.196.104,100,305,1,7/31/2020 13:14,R_3NXubVHPMFp2Dlx,,,,,35.21440125,-97.45359802,anonymous,EN,1,5,6,1,1,,,3,1,1,26,4,4,3,4,17.849,17.849,24.327,1,3,2,1,2,3,1,2,3,1,1,2,3
7/31/2020 13:10,7/31/2020 13:14,0,24.16.74.252,100,292,1,7/31/2020 13:14,R_TjBH9ERys9voRPP,,,,,47.89480591,-122.2030945,anonymous,EN,1,5,6,2,,1,,3,1,1,fine,5,5,5,5,0,0,14.955,0,2,1,3,2,1,3,1,3,2,,,
7/31/2020 13:13,7/31/2020 13:14,0,98.212.195.204,100,105,1,7/31/2020 13:14,R_2zOzmnHfBtLgsj8,,,,,42.02209473,-88.17050171,anonymous,EN,1,2,3,3,,,2,4,1,1,54,4,3,4,5,0,0,19.661,0,2,3,1,3,2,1,1,2,3,2,1,3
7/31/2020 13:12,7/31/2020 13:14,0,71.211.188.153,100,127,1,7/31/2020 13:14,R_2eW1Tqrfj4UUzay,,,,,39.7671051,-105.0451965,anonymous,EN,1,5,2,1,1,,,6,1,17,36,4,2,3,3,2.343,21.866,24.2,2,1,3,2,3,2,1,1,3,2,3,2,1
7/31/2020 13:13,7/31/2020 13:14,0,24.18.153.117,100,102,1,7/31/2020 13:14,R_1ezA1i5svZTJB2o,,,,,47.32359314,-122.3186951,anonymous,EN,1,5,3,1,2,,,6,1,21,29,5,1,2,5,22.14,22.14,22.492,1,1,2,3,3,2,1,2,3,1,3,1,2
7/31/2020 13:12,7/31/2020 13:15,0,97.118.240.131,100,140,1,7/31/2020 13:15,R_8bKPm2oAvK3NtGF,,,,,39.69599915,-105.0345993,anonymous,EN,1,5,2,2,,1,,2,1,1,30,5,4,5,4,0,0,16.568,0,1,2,3,1,2,3,1,2,3,1,2,3
7/31/2020 13:10,7/31/2020 13:15,0,68.202.126.155,100,249,1,7/31/2020 13:15,R_29o8Qon9cOJVVRc,,,,,28.90249634,-81.2480011,anonymous,EN,2,5,2,2,,2,,2,1,1,41,4,5,4,4,17.336,25.007,27.385,3,2,1,3,3,1,2,2,1,3,3,2,1
7/31/2020 13:10,7/31/2020 13:15,0,191.96.116.56,100,253,1,7/31/2020 13:15,R_3s06EAzTGyy7Ul4,,,,,41.84829712,-87.65170288,anonymous,EN,1,5,6,1,1,,,1,1,1,33,4,3,4,4,15.379,26.083,27.382,3,2,1,3,2,1,3,2,1,3,2,1,3
7/31/2020 13:13,7/31/2020 13:15,0,172.116.27.192,100,123,1,7/31/2020 13:15,R_2zw1ktMl6dtnlJX,,,,,33.92489624,-117.459198,anonymous,EN,1,6,2,2,,1,,3,1,1,50,4,3,2,3,0,0,14.201,0,3,2,1,1,3,2,2,3,1,2,3,1
7/31/2020 13:11,7/31/2020 13:15,0,71.195.116.72,100,194,1,7/31/2020 13:15,R_1dMHhPysNABSxcV,,,,,36.74049377,-119.7508011,anonymous,EN,1,6,2,2,,1,,4,1,1,54,4,5,4,5,0,0,13.417,0,1,3,2,2,3,1,1,2,3,3,2,1
7/31/2020 13:13,7/31/2020 13:15,0,173.174.139.140,100,98,1,7/31/2020 13:15,R_1mUF9GiztzW7bmo,,,,,29.57380676,-98.22920227,anonymous,EN,1,5,1,2,,1,,3,1,1,46,2,1,2,2,0,0,12.9,0,2,1,3,1,2,3,2,1,3,2,1,3
7/31/2020 13:13,7/31/2020 13:15,0,108.183.93.186,100,127,1,7/31/2020 13:15,R_31vjygmk42KX6Hv,,,,,42.91299438,-78.86560059,anonymous,EN,2,5,1,1,1,,,2,1,1,25,4,3,4,3,1.825,3.41,17.233,2,1,3,2,2,1,3,2,1,3,1,2,3
7/31/2020 13:12,7/31/2020 13:15,0,63.117.158.16,100,152,1,7/31/2020 13:15,R_2uyqBB4WeevoXWC,,,,,33.72239685,-84.52050018,anonymous,EN,1,6,2,3,,,1,2,1,1,52,5,4,5,4,0,0,60.132,0,3,2,1,2,1,3,3,2,1,3,2,1
7/31/2020 13:13,7/31/2020 13:15,0,73.202.71.176,100,115,1,7/31/2020 13:15,R_1EfXZ70PvQ8DvXe,,,,,37.35899353,-122.0866013,anonymous,EN,1,5,2,1,1,,,4,1,1,27,4,3,1,5,8.888,8.888,15.516,1,3,1,2,1,2,3,1,2,3,1,2,3
7/31/2020 13:14,7/31/2020 13:15,0,198.228.81.207,100,78,1,7/31/2020 13:15,R_3nHP3Sr5KkaOtTQ,,,,,37.75100708,-97.8219986,anonymous,EN,1,5,2,3,,,2,4,1,1,32,5,2,4,5,0,0,17.81,0,3,1,2,1,3,2,3,1,2,2,3,1
7/31/2020 13:14,7/31/2020 13:15,0,174.225.17.123,100,57,1,7/31/2020 13:15,R_1EgiLu0g2SNPOZm,,,,,40.61289978,-74.41600037,anonymous,EN,2,5,1,1,1,,,6,1,1,25,3,3,3,3,0,0,11.189,0,3,2,1,3,2,1,3,2,1,3,2,1
7/31/2020 13:11,7/31/2020 13:15,0,47.202.101.13,100,234,1,7/31/2020 13:15,R_2rptVe59gBYaatA,,,,,28.29870605,-82.69020081,anonymous,EN,1,5,6,2,,1,,2,1,1,29,4,3,5,5,0,0,15.483,0,2,1,3,2,1,3,2,1,3,3,1,2
7/31/2020 13:13,7/31/2020 13:15,0,107.77.230.42,100,102,1,7/31/2020 13:15,R_qCxWaot0gm6AQSd,,,,,33.84979248,-118.0085983,anonymous,EN,1,4,2,3,,,2,3,1,1,25,3,4,5,4,0,0,17.982,0,1,2,3,3,2,1,2,1,3,2,1,3
7/31/2020 13:13,7/31/2020 13:15,0,73.193.110.185,100,142,1,7/31/2020 13:15,R_2B53qs0IFFtRwDT,,,,,47.26660156,-122.0341949,anonymous,EN,2,5,6,2,,1,,2,1,1,44,4,3,5,4,0,0,13.942,0,1,2,3,1,2,3,1,2,3,1,2,3
7/31/2020 13:12,7/31/2020 13:15,0,65.29.211.51,100,215,1,7/31/2020 13:15,R_2EbKWnoSp8XcZAk,,,,,41.05299377,-81.48320007,anonymous,EN,1,4,6,2,,1,,2,1,1,30,3,4,3,4,53.95,53.95,55.575,1,1,2,3,1,2,3,1,2,3,1,3,2
7/31/2020 13:12,7/31/2020 13:15,0,63.117.155.239,100,218,1,7/31/2020 13:15,R_8jkRkOcrCC0D8yd,,,,,38.64379883,-77.3451004,anonymous,EN,1,6,7,1,1,,,3,1,1,52,4,3,4,3,6.701,6.701,68.034,1,2,1,3,2,3,1,2,1,3,2,3,1
7/31/2020 13:13,7/31/2020 13:15,0,67.240.210.98,100,152,1,7/31/2020 13:15,R_1DTH8KyR5eXhu7D,,,,,43.21429443,-77.93920135,anonymous,EN,1,5,1,1,1,,,1,1,1,25,4,3,5,4,0,0,17.079,0,1,3,2,3,1,2,2,3,1,2,1,3
7/31/2020 13:12,7/31/2020 13:15,0,70.120.85.172,100,219,1,7/31/2020 13:15,R_1mxcoPeQFqpztqo,,,,,29.65840149,-98.498703,anonymous,EN,2,5,2,2,,1,,2,1,1,34,4,5,4,5,0,0,19.001,0,1,2,3,1,3,2,2,3,1,1,3,2
7/31/2020 13:12,7/31/2020 13:16,0,64.145.93.59,100,237,1,7/31/2020 13:16,R_3ebgvTdIVqAMqxy,,,,,37.75100708,-97.8219986,anonymous,EN,1,6,4,1,2,,,3,1,1,46,3,3,4,3,2.42,2.42,12.936,1,2,3,1,2,1,3,1,2,3,1,2,3
7/31/2020 13:14,7/31/2020 13:16,0,47.147.89.219,100,83,1,7/31/2020 13:16,R_cVbCYN0gYmcwgBX,,,,,33.83210754,-118.1739044,anonymous,EN,2,5,6,2,,1,,1,1,1,34,3,4,5,3,0,0,11.481,0,2,1,3,1,2,3,1,2,3,1,2,3
7/31/2020 13:10,7/31/2020 13:16,0,73.60.58.10,100,330,1,7/31/2020 13:16,R_2qksWGVPrNKs4jX,,,,,42.65820313,-71.30580139,anonymous,EN,1,5,2,1,1,,,2,1,1,29,4,5,5,4,0,0,113.571,0,1,2,3,1,2,3,3,1,2,3,1,2
7/31/2020 13:10,7/31/2020 13:16,0,68.83.17.206,100,333,1,7/31/2020 13:16,R_277nUWddDH8Pzkb,,,,,40.77180481,-74.20980072,anonymous,EN,1,4,4,3,,,1,3,1,1,28,3,4,5,4,16.881,36.765,38.485,2,2,1,3,1,3,2,1,3,2,1,2,3
7/31/2020 13:12,7/31/2020 13:16,0,67.184.163.114,100,217,1,7/31/2020 13:16,R_sTrzsqHsOovyiMF,,,,,42.21679688,-88.24449921,anonymous,EN,2,5,3,1,2,,,2,1,16,50,4,3,4,3,0,0,22.994,0,1,3,2,2,1,3,2,3,1,1,2,3
7/31/2020 13:12,7/31/2020 13:16,0,73.6.104.80,100,248,1,7/31/2020 13:16,R_1pXmT5CzrC6OKDw,,,,,29.6730957,-95.58560181,anonymous,EN,1,6,1,2,,1,,2,1,1,32,4,4,5,5,9.179,24.4,47.177,7,1,3,2,2,3,1,2,1,3,2,1,3
7/31/2020 13:14,7/31/2020 13:16,0,70.117.254.250,100,101,1,7/31/2020 13:16,R_qVmIK7yfiEJHxmx,,,,,26.16499329,-97.98919678,anonymous,EN,1,4,7,1,1,,,2,1,1,29,5,4,3,5,0,0,12.359,0,3,2,1,3,2,1,3,2,1,3,2,1
7/31/2020 13:09,7/31/2020 13:16,0,69.124.16.216,100,390,1,7/31/2020 13:16,R_1ruWxvt7wTt47tM,,,,,41.13929749,-73.70120239,anonymous,EN,1,6,3,1,1,,,3,1,1,25,4,3,4,3,0,0,23.739,0,1,3,2,2,3,1,2,3,1,,,
7/31/2020 13:12,7/31/2020 13:16,0,75.129.255.11,100,229,1,7/31/2020 13:16,R_3nIq6nSYC4U8zId,,,,,38.52729797,-89.13559723,anonymous,EN,1,6,1,1,1,,,6,1,1,38,5,1,1,5,0,0,164.67,0,2,3,1,1,3,2,1,3,2,3,2,1
7/31/2020 13:10,7/31/2020 13:16,0,70.176.185.8,100,354,1,7/31/2020 13:16,R_3KIVKSuihS5RSN6,,,,,33.43739319,-111.8007965,anonymous,EN,1,4,5,1,1,,,3,1,1,25,4,3,4,4,0,0,13.726,0,3,2,1,3,2,1,2,1,3,1,2,3
7/31/2020 13:13,7/31/2020 13:16,0,191.96.97.58,100,171,1,7/31/2020 13:16,R_1ps923rXd353SLH,,,,,41.84829712,-87.65170288,anonymous,EN,1,5,2,1,2,,,6,1,16,27,3,1,1,3,0,0,41.875,0,1,3,2,3,2,1,2,3,1,3,2,1
7/31/2020 13:10,7/31/2020 13:16,0,217.138.255.183,100,358,1,7/31/2020 13:16,R_12Luyu1V6g57QVm,,,,,40.71569824,-74,anonymous,EN,2,5,5,2,,2,,2,1,1,29,4,2,4,5,0,0,17.426,0,1,3,2,3,2,1,1,3,2,3,1,2
7/31/2020 13:11,7/31/2020 13:16,0,72.19.32.190,100,293,1,7/31/2020 13:16,R_1GWETVAo0qHgppv,,,,,36.81129456,-114.123497,anonymous,EN,2,6,6,2,,1,,3,1,1,30,5,4,5,4,0,0,27.293,0,1,3,2,1,3,2,1,2,3,1,3,2
7/31/2020 13:14,7/31/2020 13:16,0,75.82.60.151,100,101,1,7/31/2020 13:16,R_5dUqJET0MEcgtUJ,,,,,34.16900635,-118.3712997,anonymous,EN,1,5,2,1,2,,,3,1,1,25,4,4,5,4,27.987,27.987,28.656,1,1,3,2,2,1,3,2,3,1,3,1,2
7/31/2020 13:15,7/31/2020 13:16,0,98.212.195.204,100,92,1,7/31/2020 13:16,R_1pR4hQaOCIfCXGc,,,,,42.02209473,-88.17050171,anonymous,EN,1,2,2,3,,,2,3,1,1,54,4,3,5,5,0,0,13.647,0,1,2,3,1,2,3,1,2,3,1,2,3
7/31/2020 13:14,7/31/2020 13:16,0,50.90.172.99,100,110,1,7/31/2020 13:16,R_22JpVeVqQ8rHumQ,,,,,39.78599548,-86.1588974,anonymous,EN,1,5,7,2,,1,,2,1,16,32,5,4,5,4,5.247,6.604,14.475,3,3,2,1,2,1,3,1,3,2,,,
7/31/2020 13:14,7/31/2020 13:16,0,67.162.197.36,100,119,1,7/31/2020 13:16,R_3CJwWTLeWMUsB7r,,,,,34.81080627,-92.22489929,anonymous,EN,1,5,6,2,,1,,2,1,1,61,4,5,3,5,0,0,14.156,0,1,2,3,1,2,3,2,1,3,2,1,3
7/31/2020 13:10,7/31/2020 13:16,0,75.65.0.34,100,400,1,7/31/2020 13:16,R_3n11sJH3787JRCp,,,,,32.37049866,-90.17459869,anonymous,EN,2,4,7,2,,1,,1,1,1,33,4,5,4,5,0,0,12.115,0,3,1,2,2,3,1,2,1,3,1,3,2
7/31/2020 13:14,7/31/2020 13:16,0,73.128.160.47,100,136,1,7/31/2020 13:16,R_3lyUOJcQ246tbSs,,,,,38.99650574,-76.93399811,anonymous,EN,1,4,6,2,,1,,3,1,1,52,4,5,3,4,0,0,25.056,0,1,3,2,2,1,3,2,3,1,3,1,2
7/31/2020 13:10,7/31/2020 13:16,0,73.26.166.9,100,371,1,7/31/2020 13:16,R_3iWGQxIdehMf5LD,,,,,35.08129883,-106.6387024,anonymous,EN,1,5,7,2,,1,,1,1,1,56,5,4,5,4,0,0,15.157,0,2,3,1,2,3,1,2,1,3,1,3,2
7/31/2020 13:14,7/31/2020 13:17,0,67.183.136.243,100,167,1,7/31/2020 13:17,R_1pArFhK6smK0SpN,,,,,47.63000488,-122.2971954,anonymous,EN,1,5,6,1,1,,,4,1,1,48,2,3,4,3,0,0,12.079,0,1,2,3,1,2,3,3,1,2,3,1,2
7/31/2020 13:15,7/31/2020 13:17,0,70.113.64.2,100,83,1,7/31/2020 13:17,R_1j7BIN65RMotwj7,,,,,30.27209473,-97.6867981,anonymous,EN,1,5,3,1,2,,,6,1,1,36,4,2,1,4,2.79,2.79,11.854,1,3,1,2,2,3,1,3,1,2,3,1,2
7/31/2020 13:13,7/31/2020 13:17,0,97.113.240.240,100,185,1,7/31/2020 13:17,R_33sDij6SSV1E5Ay,,,,,47.74949646,-122.2975998,anonymous,EN,1,5,7,2,,1,,2,1,1,42,5,5,1,5,0,0,31.529,0,1,2,3,2,3,1,1,2,3,1,2,3
7/31/2020 13:11,7/31/2020 13:17,0,191.96.184.204,100,355,1,7/31/2020 13:17,R_27JMKkruPLTeC8G,,,,,38.96090698,-77.34290314,anonymous,EN,2,5,5,1,1,,,2,1,1,46,3,2,3,3,0,0,12.71,0,2,3,1,2,1,3,1,2,3,,,
7/31/2020 13:10,7/31/2020 13:17,0,73.252.36.185,100,422,1,7/31/2020 13:17,R_pocxF0FZUzBQ9Lr,,,,,35.16000366,-89.77680206,anonymous,EN,1,5,1,2,,1,,1,1,1,36,5,4,2,4,3.119,51.523,62.945,3,2,3,1,1,2,3,2,3,1,2,1,3
7/31/2020 13:13,7/31/2020 13:17,0,98.212.214.93,100,236,1,7/31/2020 13:17,R_2qr6f1k2AvvcdHa,,,,,42.01280212,-88.09670258,anonymous,EN,1,6,2,1,2,,,6,2,1,31,4,4,2,4,5.101,16.509,34.292,8,1,2,3,3,2,1,1,2,3,3,2,1
7/31/2020 13:15,7/31/2020 13:17,0,97.118.240.131,100,141,1,7/31/2020 13:17,R_NWn7kZO6TY9w969,,,,,39.69599915,-105.0345993,anonymous,EN,1,5,2,2,,1,,2,1,1,30,4,5,4,5,0,0,12.739,0,1,2,3,1,2,3,1,3,2,3,1,2
7/31/2020 13:09,7/31/2020 13:17,0,217.138.255.173,100,461,1,7/31/2020 13:17,R_zUwaPv4CSmO8RJn,,,,,40.71569824,-74,anonymous,EN,1,5,3,2,,1,,2,1,1,29,4,2,4,5,14.579,14.579,22.063,1,2,3,1,1,2,3,1,2,3,2,3,1
7/31/2020 13:14,7/31/2020 13:17,0,73.48.91.230,100,160,1,7/31/2020 13:17,R_1r8FCp8FbunUnrW,,,,,30.49079895,-84.31580353,anonymous,EN,2,4,4,2,,1,,3,1,1,45,4,3,3,2,0,0,26.102,0,1,3,2,3,1,2,3,2,1,3,1,2
7/31/2020 13:10,7/31/2020 13:17,0,98.254.255.202,100,449,1,7/31/2020 13:17,R_Rw5d9P8lTBpEPjr,,,,,25.86959839,-80.30729675,anonymous,EN,1,5,3,2,,2,,3,1,1,32,5,4,5,4,0,0,12.51,0,2,3,1,3,1,2,1,3,2,2,1,3
7/31/2020 13:13,7/31/2020 13:17,0,75.143.182.42,100,268,1,7/31/2020 13:17,R_2CeT96pYrErLylB,,,,,35.73190308,-81.70909882,anonymous,EN,2,5,6,2,,1,,1,1,16,32,4,4,5,5,0,0,12.181,0,1,2,3,3,2,1,2,1,3,1,3,2
7/31/2020 13:11,7/31/2020 13:17,0,35.137.56.77,100,348,1,7/31/2020 13:17,R_2YsklEqRZNqt84G,,,,,27.96000671,-82.46140289,anonymous,EN,1,5,3,2,,1,,2,1,1,43,4,3,2,4,10.651,10.651,13.655,1,3,1,2,2,1,3,3,1,2,,,
7/31/2020 13:16,7/31/2020 13:17,0,198.228.69.6,100,80,1,7/31/2020 13:17,R_1DIJbcbweOUDUED,,,,,37.75100708,-97.8219986,anonymous,EN,2,5,4,2,,1,,2,1,1,27,4,2,4,3,3.768,7.562,12.119,2,1,3,2,2,1,3,1,3,2,1,2,3
7/31/2020 13:13,7/31/2020 13:17,0,73.124.239.147,100,231,1,7/31/2020 13:17,R_2dEEtOwioy9S1Wj,,,,,26.31109619,-80.09819794,anonymous,EN,1,5,6,2,,1,,1,1,1,39,4,5,4,5,0,0,12.123,0,1,2,3,1,2,3,3,2,1,2,1,3
7/31/2020 13:15,7/31/2020 13:17,0,76.105.23.141,100,150,1,7/31/2020 13:17,R_ThYLRjCLfb0H4k1,,,,,37.95509338,-121.2041016,anonymous,EN,2,6,2,2,,1,,4,1,1,42,4,5,4,5,0,0,13.263,0,2,1,3,1,2,3,1,2,3,3,2,1
7/31/2020 13:16,7/31/2020 13:17,0,70.120.85.172,100,98,1,7/31/2020 13:17,R_3I6MGBQakUEqa10,,,,,29.65840149,-98.498703,anonymous,EN,2,5,2,2,,1,,2,1,17,34,4,5,5,5,0,0,11.601,0,1,2,3,1,2,3,1,2,3,1,2,3
7/31/2020 13:14,7/31/2020 13:17,0,99.157.102.220,100,182,1,7/31/2020 13:17,R_2V225dStnduR08s,,,,,34.03439331,-84.60019684,anonymous,EN,2,2,2,1,2,,,6,1,21,30,4,1,1,4,0,0,79.568,0,1,3,2,3,2,1,1,2,3,3,2,1
7/31/2020 13:15,7/31/2020 13:18,0,65.29.211.51,100,126,1,7/31/2020 13:18,R_3Jhk0ietfUM9i8f,,,,,41.0328064,-81.438797,anonymous,EN,1,5,7,2,,1,,2,1,1,30,3,4,4,3,0,0,14.531,0,2,3,1,2,1,3,1,3,2,2,3,1
7/31/2020 13:10,7/31/2020 13:18,0,73.128.160.47,100,437,1,7/31/2020 13:18,R_1Oq7xlVyzgyiUkT,,,,,38.99650574,-76.93399811,anonymous,EN,1,4,6,2,,1,,4,1,1,52,5,4,4,3,0,0,95.518,0,1,2,3,2,1,3,2,1,3,3,1,2
7/31/2020 13:12,7/31/2020 13:18,0,181.214.185.138,100,310,1,7/31/2020 13:18,R_2fB3MAArXug18Yf,,,,,41.84829712,-87.65170288,anonymous,EN,1,5,4,2,,1,,2,1,1,40,4,3,4,3,5.234,7.534,22.844,12,3,1,2,1,3,2,3,1,2,1,2,3
7/31/2020 13:16,7/31/2020 13:18,0,69.222.134.196,100,89,1,7/31/2020 13:18,R_1eXg3PaHT9IMkuq,,,,,33.78379822,-84.44550323,anonymous,EN,1,5,6,2,,1,,3,1,1,32,3,4,3,5,11.932,11.932,12.855,1,3,1,2,3,2,1,2,1,3,1,3,2
7/31/2020 13:16,7/31/2020 13:18,0,98.212.195.204,100,82,1,7/31/2020 13:18,R_1IfKJrPrgEy37Jg,,,,,42.02209473,-88.17050171,anonymous,EN,1,2,2,2,,1,,2,1,1,54,5,3,4,4,0,0,11.511,0,1,2,3,1,2,3,1,2,3,1,2,3
7/31/2020 13:14,7/31/2020 13:18,0,68.114.118.220,100,245,1,7/31/2020 13:18,R_2qDwi4gMJRB2A09,,,,,30.52589417,-90.47750092,anonymous,EN,1,5,6,2,,1,,2,1,1,35,4,5,1,4,0,0,114.172,0,2,1,3,1,2,3,1,3,2,2,3,1
7/31/2020 13:09,7/31/2020 13:18,0,38.68.36.15,100,516,1,7/31/2020 13:18,R_0v1mVbinZEwevvz,,,,,37.75100708,-97.8219986,anonymous,EN,2,5,2,1,2,,,2,1,1,26,2,4,3,4,0,0,64.281,0,1,3,2,2,3,1,2,3,1,,,
7/31/2020 13:16,7/31/2020 13:18,0,173.91.109.51,100,107,1,7/31/2020 13:18,R_2t6ezF4ZBlHOgUU,,,,,41.42959595,-82.20469666,anonymous,EN,1,4,3,3,,,1,6,1,17,36,5,1,1,5,11.8,11.8,12.052,1,1,2,3,3,2,1,1,3,2,3,2,1
7/31/2020 13:16,7/31/2020 13:18,0,137.25.225.78,100,112,1,7/31/2020 13:18,R_1IMpiSr8TEArimo,,,,,33.92579651,-117.4898987,anonymous,EN,1,5,2,2,,2,,3,1,1,25,3,4,3,3,0,0,16.999,0,1,3,2,3,2,1,2,3,1,1,2,3
7/31/2020 13:14,7/31/2020 13:18,0,98.250.124.70,100,231,1,7/31/2020 13:18,R_33py039RgqyvSlQ,,,,,42.61599731,-83.92500305,anonymous,EN,1,5,4,2,,2,,4,3,21,62,4,4,5,4,0,0,19.327,0,2,3,1,2,1,3,1,3,2,1,3,2
7/31/2020 13:14,7/31/2020 13:18,0,207.244.77.14,100,261,1,7/31/2020 13:18,R_1nOYvkFRweaKrHm,,,,,38.83680725,-76.5109024,anonymous,EN,1,4,2,1,1,,,1,1,1,48,5,4,5,4,3.737,8.955,12.166,2,3,1,2,1,2,3,2,1,3,2,1,3
7/31/2020 13:16,7/31/2020 13:18,0,35.133.22.254,100,165,1,7/31/2020 13:18,R_1JDCUKfinuEN3Ue,,,,,46.12989807,-112.9738998,anonymous,EN,1,5,2,2,,1,,2,1,1,30,4,3,4,4,0,0,12.761,0,1,3,2,2,3,1,3,2,1,1,3,2
7/31/2020 13:13,7/31/2020 13:18,0,73.52.240.124,100,318,1,7/31/2020 13:18,R_1DvQ50LrcI2EVX0,,,,,40.417099,-80.56140137,anonymous,EN,2,4,6,2,,1,,4,1,1,43,5,4,5,4,0,0,72.013,0,3,1,2,2,1,3,2,1,3,2,1,3
7/31/2020 13:09,7/31/2020 13:18,0,209.50.23.47,100,544,1,7/31/2020 13:18,R_ZIsy2uo8eyBNcOt,,,,,40.85139465,-96.71389771,anonymous,EN,1,5,2,1,1,,,2,1,16,25,3,3,3,3,3.548,145.653,147.226,5,3,2,1,1,3,2,1,3,2,3,1,2
7/31/2020 13:16,7/31/2020 13:18,0,198.228.69.74,100,155,1,7/31/2020 13:18,R_d412EsN1FLNG2jL,,,,,37.75100708,-97.8219986,anonymous,EN,1,5,2,1,1,,,4,1,1,65,3,2,3,4,0,0,27.165,0,1,2,3,2,3,1,2,1,3,1,2,3
7/31/2020 13:17,7/31/2020 13:18,0,73.140.92.148,100,100,1,7/31/2020 13:18,R_ToNreLMP4NaWgZX,,,,,47.07730103,-122.3921051,anonymous,EN,1,5,1,1,1,,,3,1,1,33,4,3,2,5,0,0,12.526,0,1,2,3,2,3,1,3,1,2,3,1,2
7/31/2020 13:14,7/31/2020 13:18,0,173.169.128.251,100,287,1,7/31/2020 13:18,R_1LbOWxUPZBGdtbI,,,,,28.19509888,-81.60620117,anonymous,EN,1,5,5,2,,2,,5,1,1,39,3,5,2,4,0,0,24.852,0,3,2,1,1,2,3,1,2,3,1,2,3
7/31/2020 13:17,7/31/2020 13:18,0,108.64.75.194,100,83,1,7/31/2020 13:18,R_PLqCpHl6ZgBl465,,,,,38.06629944,-122.1654968,anonymous,EN,2,5,2,1,1,,,6,1,1,36,5,1,1,5,0,0,33.326,0,1,3,2,3,1,2,1,3,2,1,3,2
7/31/2020 13:16,7/31/2020 13:19,0,170.10.187.43,100,191,1,7/31/2020 13:19,R_4323TBcy7VZuXkJ,,,,,36.1835022,-94.17620087,anonymous,EN,1,2,4,3,,,1,6,1,1,39,5,1,1,5,11.456,11.701,13.777,2,1,3,2,1,3,2,2,3,1,3,2,1
7/31/2020 13:17,7/31/2020 13:19,0,76.97.166.178,100,130,1,7/31/2020 13:19,R_2xVi5eKsIqAZm60,,,,,34.20370483,-84.10310364,anonymous,EN,1,5,5,2,,2,,6,1,1,38,4,1,2,5,0,0,12.933,0,1,2,3,1,3,2,1,3,2,3,2,1
7/31/2020 13:15,7/31/2020 13:19,0,98.201.129.179,100,205,1,7/31/2020 13:19,R_0oBW0keaasRU1bP,,,,,29.78050232,-95.51290131,anonymous,EN,2,6,6,1,1,,,2,1,1,32,3,4,5,4,0,0,12.4,0,2,3,1,2,1,3,3,1,2,2,3,1
7/31/2020 13:16,7/31/2020 13:19,0,73.60.58.10,100,192,1,7/31/2020 13:19,R_12st506pdMfXlhm,,,,,42.65820313,-71.30580139,anonymous,EN,1,5,2,1,1,,,2,1,1,29,4,5,5,4,0,0,13.049,0,1,2,3,1,2,3,1,2,3,1,2,3
7/31/2020 13:16,7/31/2020 13:19,0,71.91.191.143,100,172,1,7/31/2020 13:19,R_3DdxazAfSdyEZZA,,,,,32.86849976,-97.28630066,anonymous,EN,1,5,4,1,1,,,3,1,1,27,4,2,3,3,0,0,18.425,0,1,2,3,2,3,1,1,3,2,3,2,1
7/31/2020 13:15,7/31/2020 13:19,0,68.202.126.155,100,256,1,7/31/2020 13:19,R_3mmXEb2WujETqzH,,,,,28.90249634,-81.2480011,anonymous,EN,2,5,2,2,,1,,2,1,1,41,5,4,4,5,0,0,51.474,0,3,1,2,1,3,2,1,3,2,1,3,2
7/31/2020 13:14,7/31/2020 13:19,0,38.126.98.197,100,317,1,7/31/2020 13:19,R_1MXMZ4bojf7gtIy,,,,,41.35710144,-72.93340302,anonymous,EN,2,5,1,1,1,,,1,1,1,25,5,5,5,5,0,0,11.764,0,1,2,3,3,1,2,1,2,3,2,3,1
7/31/2020 13:17,7/31/2020 13:20,0,97.118.240.131,100,146,1,7/31/2020 13:20,R_3j2puOjvvNCExon,,,,,39.69599915,-105.0345993,anonymous,EN,1,5,6,2,,1,,2,1,1,30,5,4,5,4,0,0,13.792,0,2,1,3,2,1,3,2,1,3,1,2,3
7/31/2020 13:18,7/31/2020 13:20,0,107.134.17.2,100,113,1,7/31/2020 13:20,R_2YFDmfDAPsghAif,,,,,34.16319275,-77.87229919,anonymous,EN,1,2,4,3,,,2,6,1,21,22,3,2,5,3,3.639,5.543,12.886,2,1,3,2,2,3,1,1,3,2,3,2,1
7/31/2020 13:17,7/31/2020 13:20,0,47.33.210.132,100,162,1,7/31/2020 13:20,R_3Mn9AYxaAdt18Hh,,,,,43.60549927,-84.77960205,anonymous,EN,2,4,1,1,1,,,2,1,17,57,5,1,2,4,0,0,32.537,0,1,3,2,3,2,1,2,3,1,3,2,1
7/31/2020 13:09,7/31/2020 13:20,0,24.112.118.218,100,636,1,7/31/2020 13:20,R_2ffkR0q52aODoER,,,,,31.49960327,-82.8470993,anonymous,EN,1,5,6,2,,1,,3,1,1,31,3,4,3,4,6.689,31.209,72.277,3,1,2,3,3,2,1,3,1,2,1,3,2
7/31/2020 13:17,7/31/2020 13:20,0,191.96.184.204,100,157,1,7/31/2020 13:20,R_Zz74yuu1bnGbsqd,,,,,38.96090698,-77.34290314,anonymous,EN,2,5,3,2,,1,,3,1,1,46,4,3,3,2,0,0,12.567,0,3,2,1,2,1,3,2,1,3,1,3,2
7/31/2020 13:17,7/31/2020 13:20,0,65.35.134.99,100,171,1,7/31/2020 13:20,R_3G3bDbVMxwroBif,,,,,28.11470032,-82.36779785,anonymous,EN,1,6,6,1,1,,,2,1,1,47,4,3,4,3,5.967,5.967,13.549,1,3,2,1,3,2,1,2,3,1,2,1,3
7/31/2020 13:17,7/31/2020 13:20,0,172.58.158.213,100,181,1,7/31/2020 13:20,R_6xvgmTVXLPWk1Y5,,,,,35.22270203,-80.79380035,anonymous,EN,2,4,5,3,,,2,5,1,21,54,5,1,2,3,0,0,27.031,0,2,3,1,3,2,1,1,3,2,1,2,3
7/31/2020 13:19,7/31/2020 13:21,0,98.197.99.76,100,81,1,7/31/2020 13:21,R_VUVKvcUdVhECn4J,,,,,29.74499512,-95.73259735,anonymous,EN,2,4,4,3,,,2,6,1,1,32,5,1,1,5,1.373,8.297,10.744,6,1,2,3,3,2,1,1,3,2,3,1,2
7/31/2020 13:20,7/31/2020 13:21,0,107.2.147.26,100,67,1,7/31/2020 13:21,R_27ey4dzTfXn52LW,,,,,39.73880005,-104.9868011,anonymous,EN,1,5,2,3,,,2,6,3,1,26,1,5,4,3,1.155,2.437,23.118,2,2,1,3,3,2,1,1,2,3,3,1,2
7/31/2020 13:16,7/31/2020 13:21,0,104.194.220.195,100,276,1,7/31/2020 13:21,R_DOjxSN7aweWvMjL,,,,,40.78759766,-74.05999756,anonymous,EN,2,5,1,1,1,,,3,1,1,25,2,1,1,4,0,0,21.66,0,1,3,2,3,1,2,1,3,2,3,2,1
7/31/2020 13:16,7/31/2020 13:21,0,73.6.104.80,100,291,1,7/31/2020 13:21,R_rpYZ0qgVNKI0fD3,,,,,29.6730957,-95.58560181,anonymous,EN,1,6,1,2,,1,,2,1,1,32,4,5,4,5,0,0,36.041,0,2,1,3,1,2,3,1,2,3,2,3,1
7/31/2020 13:19,7/31/2020 13:21,0,108.252.166.105,100,122,1,7/31/2020 13:21,R_WoB96Zy2HIlAzmx,,,,,34.44439697,-119.2550964,anonymous,EN,1,5,2,1,1,,,2,1,1,50,4,5,4,5,0,0,13.497,0,1,2,3,1,3,2,2,3,1,2,1,3
7/31/2020 13:18,7/31/2020 13:21,0,69.222.134.196,100,186,1,7/31/2020 13:21,R_1F9vBtPqqBxHxAW,,,,,33.78379822,-84.44550323,anonymous,EN,1,5,6,2,,1,,5,1,1,32,3,4,3,5,0,0,14.885,0,2,3,1,3,1,2,3,2,1,2,1,3
7/31/2020 13:10,7/31/2020 13:21,0,98.238.38.77,100,660,1,7/31/2020 13:21,R_3kLBPMt9io6Ac2h,,,,,26.67860413,-82.02629852,anonymous,EN,2,6,6,2,,2,,2,1,19,60,2,4,5,4,6.714,62.891,65.645,3,1,2,3,1,3,2,1,3,2,,,
7/31/2020 13:17,7/31/2020 13:21,0,67.183.136.243,100,255,1,7/31/2020 13:21,R_8IbAYmrwpPnNxWp,,,,,47.63000488,-122.2971954,anonymous,EN,1,5,5,1,1,,,4,1,17,48,2,3,4,3,0,0,22.309,0,2,1,3,2,3,1,2,3,1,2,3,1
7/31/2020 13:16,7/31/2020 13:21,0,108.243.30.94,100,320,1,7/31/2020 13:21,R_bygNsqAw2uzQEDf,,,,,33.78149414,-84.59760284,anonymous,EN,1,5,2,3,,,2,4,1,1,30,5,4,5,4,0,0,26.855,0,2,1,3,1,2,3,1,2,3,3,2,1
7/31/2020 13:16,7/31/2020 13:21,0,184.90.225.56,100,326,1,7/31/2020 13:21,R_2fjlHke0ptsZDpC,,,,,28.14039612,-80.65139771,anonymous,EN,1,5,2,2,,1,,2,1,1,32,4,5,3,5,15.033,15.033,19.22,1,1,2,3,1,2,3,1,2,3,1,2,3
7/31/2020 13:20,7/31/2020 13:21,0,45.50.134.236,100,54,1,7/31/2020 13:21,R_3NCJthRHwmWZb8L,,,,,34.02819824,-117.0372009,anonymous,EN,1,2,4,3,,,1,6,1,1,25,3,2,4,3,11.095,11.095,11.475,1,2,3,1,2,3,1,2,3,1,2,3,1
7/31/2020 13:18,7/31/2020 13:21,0,73.71.66.66,100,180,1,7/31/2020 13:21,R_rdreJDJiKVqWArD,,,,,37.28210449,-121.8310013,anonymous,EN,2,6,1,2,,1,,2,1,16,48,1,1,3,3,5.323,7.195,18.893,4,1,2,3,3,1,2,2,3,1,2,1,3
7/31/2020 13:19,7/31/2020 13:21,0,68.50.61.11,100,121,1,7/31/2020 13:22,R_3ffRegL5LdMgOaJ,,,,,39.20509338,-85.93240356,anonymous,EN,2,5,7,2,,1,,1,1,1,34,5,4,5,4,8.689,40.461,41.723,22,3,1,2,1,3,2,1,2,3,3,1,2
7/31/2020 13:19,7/31/2020 13:22,0,98.201.129.179,100,138,1,7/31/2020 13:22,R_2xzyQrN2NRxZEeV,,,,,29.78050232,-95.51290131,anonymous,EN,2,6,6,1,1,,,2,1,1,32,4,3,5,4,3.098,3.29,13.081,2,2,3,1,2,3,1,2,1,3,3,1,2
7/31/2020 13:17,7/31/2020 13:22,0,73.26.166.9,100,283,1,7/31/2020 13:22,R_1LC2uggFJaReh7j,,,,,35.08129883,-106.6387024,anonymous,EN,1,5,2,2,,1,,1,1,16,56,5,3,5,3,13.475,66.387,66.991,3,2,1,3,2,3,1,2,1,3,3,1,2
7/31/2020 13:11,7/31/2020 13:22,0,74.138.4.68,100,613,1,7/31/2020 13:22,R_3Wawcc2zV7LsEIV,,,,,38.25770569,-85.70980072,anonymous,EN,1,5,2,3,,,1,2,1,16,32,5,4,5,4,16.378,16.378,57.916,1,1,2,3,1,2,3,2,1,3,1,2,3
7/31/2020 13:20,7/31/2020 13:22,0,104.136.10.149,100,120,1,7/31/2020 13:22,R_3qPOCqtiJcJjKq1,,,,,28.18850708,-81.26950073,anonymous,EN,1,5,6,2,,1,,2,1,1,30,5,4,3,4,0,0,11.992,0,1,3,2,1,2,3,1,3,2,3,1,2
7/31/2020 13:20,7/31/2020 13:22,0,71.238.24.186,100,98,1,7/31/2020 13:22,R_3L8AnvjDqo94JGx,,,,,45.48049927,-122.6362991,anonymous,EN,2,5,2,1,2,,,6,1,1,34,2,4,3,4,0,0,10.952,0,1,2,3,1,2,3,1,3,2,3,2,1
7/31/2020 13:11,7/31/2020 13:22,0,98.145.232.18,100,673,1,7/31/2020 13:22,R_xmvrEch988fF4tP,,,,,32.68640137,-115.5033035,anonymous,EN,1,5,3,2,,1,,2,1,1,36,4,4,4,5,24.292,24.292,93.238,1,1,3,2,1,2,3,1,2,3,1,2,3
7/31/2020 13:18,7/31/2020 13:22,0,73.79.166.153,100,256,1,7/31/2020 13:22,R_yrSGiSYFVtimwXn,,,,,40.29449463,-75.06490326,anonymous,EN,1,4,2,1,2,,,2,1,1,41,4,1,5,5,0,0,27.73,0,1,2,3,1,2,3,1,3,2,3,2,1
7/31/2020 13:14,7/31/2020 13:22,0,66.177.155.188,100,490,1,7/31/2020 13:22,R_3HAcQHVgF11Tg8r,,,,,30.35240173,-81.58670044,anonymous,EN,1,5,2,2,,1,,2,1,1,59,3,4,3,4,0,0,31.082,0,3,2,1,2,3,1,1,2,3,1,2,3
7/31/2020 13:21,7/31/2020 13:22,0,72.189.104.88,100,102,1,7/31/2020 13:22,R_2dtpS55a8LoUBWa,,,,,28.48829651,-81.40609741,anonymous,EN,2,2,4,3,,,1,6,1,1,28,5,1,4,5,1.379,11.419,12.322,2,2,3,1,3,2,1,3,2,1,3,1,2
7/31/2020 13:20,7/31/2020 13:23,0,207.244.77.14,100,155,1,7/31/2020 13:23,R_2OVGwUHe47M8uTW,,,,,38.83680725,-76.5109024,anonymous,EN,1,4,2,1,1,,,2,1,1,48,5,4,5,4,4.976,13.644,16.299,3,1,3,2,3,2,1,3,1,2,2,3,1
7/31/2020 13:16,7/31/2020 13:23,0,50.90.172.99,100,372,1,7/31/2020 13:23,R_2s6ckeyB0DAojLD,,,,,39.78599548,-86.1588974,anonymous,EN,1,5,7,2,,1,,2,1,1,32,5,4,5,4,0,0,12.242,0,2,1,3,2,1,3,2,1,3,3,1,2
7/31/2020 13:20,7/31/2020 13:23,0,73.82.159.180,100,152,1,7/31/2020 13:23,R_294SO45Nipvg0H1,,,,,33.91349792,-84.68589783,anonymous,EN,1,5,6,2,,1,,1,2,19,36,4,5,4,5,0,0,12.968,0,3,2,1,1,3,2,1,2,3,3,2,1
7/31/2020 13:21,7/31/2020 13:23,0,70.173.255.109,100,111,1,7/31/2020 13:23,R_1GP2Kjw9UXfVzJG,,,,,36.17849731,-115.3177032,anonymous,EN,1,5,6,3,,,2,3,1,18,62,3,5,3,3,0,0,11.321,0,1,3,2,1,3,2,2,1,3,2,1,3
7/31/2020 13:21,7/31/2020 13:23,0,67.183.136.243,100,126,1,7/31/2020 13:23,R_1H6ouxXQJnHkpZO,,,,,47.63000488,-122.2971954,anonymous,EN,2,6,7,1,1,,,2,1,1,48,1,1,2,3,25.376,25.376,25.614,1,3,1,2,3,1,2,3,1,2,3,1,2
7/31/2020 13:21,7/31/2020 13:23,0,172.251.250.164,100,129,1,7/31/2020 13:23,R_vuI9u0lnpTYZytH,,,,,33.49479675,-117.0953979,anonymous,EN,2,5,6,1,1,,,2,1,1,40,4,3,5,4,31.698,31.698,32.037,1,1,2,3,1,2,3,2,3,1,1,3,2
7/31/2020 13:15,7/31/2020 13:23,0,73.90.210.158,100,492,1,7/31/2020 13:23,R_1Pb2kv74tdfKUGb,,,,,38.58790588,-121.405304,anonymous,EN,2,5,7,3,,,2,1,1,1,29,4,5,4,5,0,0,24.219,0,1,2,3,2,3,1,2,3,1,2,1,3
7/31/2020 13:22,7/31/2020 13:24,0,170.54.58.11,100,108,1,7/31/2020 13:24,R_tE9IOvQr0A0EJRD,,,,,41.60150146,-93.61270142,anonymous,EN,2,3,4,3,,,2,6,1,1,49,5,1,2,4,0,0,11.581,0,1,2,3,2,3,1,1,3,2,3,2,1
7/31/2020 13:17,7/31/2020 13:24,0,72.19.32.190,100,389,1,7/31/2020 13:24,R_1Loma7HS1y5A82g,,,,,36.81129456,-114.123497,anonymous,EN,2,6,6,2,,1,,2,1,1,30,5,4,5,4,0,0,28.277,0,1,2,3,1,2,3,1,2,3,1,2,3
7/31/2020 13:20,7/31/2020 13:24,0,75.8.34.226,100,218,1,7/31/2020 13:24,R_1lgVfrGSQh22LXE,,,,,32.95689392,-96.83170319,anonymous,EN,1,5,2,1,1,,,2,1,16,47,4,3,4,5,0,0,16.551,0,1,3,2,2,1,3,1,3,2,2,1,3
7/31/2020 13:20,7/31/2020 13:24,0,23.28.202.126,100,197,1,7/31/2020 13:24,R_cSiKOPv02ZQDMUV,,,,,37.96679688,-87.49120331,anonymous,EN,2,5,5,2,,2,,3,1,1,50,4,5,4,2,0,0,19.487,0,2,3,1,3,2,1,3,2,1,2,1,3
7/31/2020 13:22,7/31/2020 13:24,0,97.101.152.117,100,106,1,7/31/2020 13:24,R_1QsksdsRVk99BpC,,,,,28.37739563,-81.188797,anonymous,EN,1,2,3,1,2,,,6,1,1,20,4,2,3,3,0,0,12.414,0,1,2,3,3,2,1,1,3,2,2,1,3
7/31/2020 13:22,7/31/2020 13:24,0,162.245.106.150,100,89,1,7/31/2020 13:24,R_1dAzeYrsB8kTYw9,,,,,38.6920929,-93.23829651,anonymous,EN,1,5,2,3,,,1,6,1,1,31,4,3,4,4,21.944,21.944,22.399,1,2,1,3,3,2,1,2,3,1,3,2,1
7/31/2020 13:20,7/31/2020 13:24,0,68.13.71.113,100,213,1,7/31/2020 13:24,R_2fdMJbAZvS20Svb,,,,,41.26800537,-96.11560059,anonymous,EN,1,6,6,1,1,,,3,1,1,35,4,3,4,3,17.897,23.686,30.174,6,1,3,2,3,1,2,1,2,3,1,3,2
7/31/2020 13:16,7/31/2020 13:24,0,47.39.226.237,100,463,1,7/31/2020 13:24,R_2awZhSZS8UMrMyQ,,,,,33.07870483,-83.23760223,anonymous,EN,1,5,7,2,,1,,4,1,1,30,4,5,4,5,0,0,26.625,0,3,2,1,1,2,3,2,3,1,1,3,2
7/31/2020 13:16,7/31/2020 13:24,0,24.16.74.252,100,475,1,7/31/2020 13:24,R_1PRfvmUVwcXJ2Cu,,,,,47.89480591,-122.2030945,anonymous,EN,1,5,6,2,,1,,3,1,1,I am fine,5,5,5,5,10.063,10.063,139.546,1,1,2,3,1,3,2,1,3,2,2,1,3
7/31/2020 13:22,7/31/2020 13:24,0,68.184.194.251,100,150,1,7/31/2020 13:24,R_3RlVPqZ18SCxV41,,,,,38.57530212,-90.26509857,anonymous,EN,2,5,2,1,2,,,6,1,1,47,4,2,3,3,0,0,15.474,0,1,2,3,3,2,1,1,3,2,3,2,1
7/31/2020 13:23,7/31/2020 13:24,0,172.249.2.12,100,107,1,7/31/2020 13:24,R_1r7auCwL1qBlZwx,,,,,33.92120361,-118.142395,anonymous,EN,1,5,6,2,,1,,2,1,1,33,3,4,5,4,0,0,17.722,0,3,1,2,1,2,3,3,1,2,1,2,3
7/31/2020 13:22,7/31/2020 13:24,0,74.138.4.68,100,160,1,7/31/2020 13:24,R_3iD0qIBIgo3SjVh,,,,,38.25770569,-85.70980072,anonymous,EN,1,5,2,3,,,1,2,1,16,32,5,4,4,5,0,0,12.587,0,1,2,3,1,2,3,2,1,3,1,2,3
7/31/2020 13:21,7/31/2020 13:25,0,173.22.198.54,100,235,1,7/31/2020 13:25,R_0NZ6yiIQbAO8jsZ,,,,,30.54289246,-88.18389893,anonymous,EN,1,4,2,1,1,,,2,1,1,30,5,5,4,3,0,0,14.575,0,3,2,1,1,2,3,2,3,1,3,2,1
7/31/2020 13:22,7/31/2020 13:25,0,73.173.103.253,100,167,1,7/31/2020 13:25,R_31o9WApPbRE8JwB,,,,,39.21240234,-76.87760162,anonymous,EN,1,5,2,1,1,,,6,1,21,26,2,4,5,3,2.618,13.914,14.55,3,1,2,3,3,2,1,1,3,2,3,2,1
7/31/2020 13:23,7/31/2020 13:25,0,108.211.153.109,100,103,1,7/31/2020 13:25,R_1FfEw2N5BEG2lRg,,,,,38.66639709,-90.3219986,anonymous,EN,1,4,1,1,2,,,6,1,1,25,5,4,3,4,0,0,12.75,0,1,2,3,1,2,3,2,3,1,3,2,1
7/31/2020 13:22,7/31/2020 13:25,0,73.71.66.66,100,191,1,7/31/2020 13:25,R_RRbfSOWr8mvI1xv,,,,,37.28210449,-121.8310013,anonymous,EN,2,3,3,2,,1,,4,1,18,48,2,3,4,4,9.976,12.327,13.525,3,3,2,1,1,3,2,1,2,3,2,1,3
7/31/2020 13:22,7/31/2020 13:25,0,23.240.164.81,100,195,1,7/31/2020 13:25,R_1kRhbApSX9lCN9q,,,,,34.12510681,-117.8556976,anonymous,EN,1,2,3,3,,,2,4,1,1,58,5,2,4,4,0,0,21.535,0,1,2,3,1,2,3,1,2,3,1,2,3
7/31/2020 13:21,7/31/2020 13:25,0,71.222.7.126,100,248,1,7/31/2020 13:25,R_12ljtP0ULwgsZTy,,,,,36.12199402,-115.0859985,anonymous,EN,1,5,6,2,,1,,2,1,1,62,5,4,4,5,0,0,26.326,0,1,2,3,1,2,3,1,3,2,1,2,3
7/31/2020 13:24,7/31/2020 13:25,0,99.26.245.247,100,100,1,7/31/2020 13:25,R_3nGji7yJvqeso5S,,,,,34.96890259,-82.14800262,anonymous,EN,1,5,2,1,2,,,4,1,1,32,5,1,1,5,3.226,3.226,10.708,1,1,3,2,3,2,1,1,2,3,3,2,1
7/31/2020 13:21,7/31/2020 13:26,0,73.6.104.80,100,286,1,7/31/2020 13:26,R_1dy4Bk3U5C1chjW,,,,,29.6730957,-95.58560181,anonymous,EN,1,6,1,2,,1,,1,1,1,32,4,5,5,4,4.281,8.68,13.555,15,2,3,1,1,2,3,3,2,1,2,3,1
7/31/2020 13:21,7/31/2020 13:26,0,73.95.133.67,100,275,1,7/31/2020 13:26,R_yVXNxZ8mo0RZP0Z,,,,,39.73210144,-104.9554977,anonymous,EN,1,5,2,2,,1,,2,1,1,36,4,4,4,5,0,0,15.651,0,3,1,2,2,3,1,1,2,3,,,
7/31/2020 13:24,7/31/2020 13:26,0,68.202.126.155,100,161,1,7/31/2020 13:26,R_b31FIaH7mlj1Qxr,,,,,28.90249634,-81.2480011,anonymous,EN,2,5,2,1,1,,,1,1,1,41,5,4,4,5,0,0,16.379,0,1,3,2,2,3,1,2,3,1,3,1,2
7/31/2020 13:25,7/31/2020 13:27,0,73.142.196.38,100,83,1,7/31/2020 13:27,R_3gU6IXSCHH5aitK,,,,,41.6835022,-72.79530334,anonymous,EN,2,5,3,2,,2,,3,1,16,33,4,5,4,3,0,0,19.355,0,3,1,2,2,1,3,3,2,1,1,3,2
7/31/2020 13:25,7/31/2020 13:27,0,73.236.40.189,100,102,1,7/31/2020 13:27,R_shTZ114D3EGkP5L,,,,,41.02659607,-80.34980011,anonymous,EN,1,4,2,1,2,,,6,1,1,60,4,1,1,5,0,0,13.859,0,1,3,2,3,2,1,1,3,2,3,1,2
7/31/2020 13:23,7/31/2020 13:27,0,184.155.21.88,100,245,1,7/31/2020 13:27,R_29p4zF9YRhz3Zoq,,,,,34.64840698,-99.32050323,anonymous,EN,1,5,6,2,,1,,2,1,1,29,4,2,4,3,0,0,112.494,0,2,1,3,1,3,2,1,2,3,2,1,3
7/31/2020 13:26,7/31/2020 13:27,0,47.146.106.185,100,102,1,7/31/2020 13:27,R_ZlV7qeUOAFA5UYh,,,,,33.73989868,-117.0150986,anonymous,EN,1,5,3,2,,1,,1,1,1,29,4,3,4,3,12.378,12.378,14.116,1,3,1,2,3,1,2,3,1,2,3,2,1
7/31/2020 13:26,7/31/2020 13:28,0,99.38.148.34,100,140,1,7/31/2020 13:28,R_2PpynyrqY88HvlG,,,,,29.88340759,-95.45529938,anonymous,EN,2,6,7,1,1,,,3,1,1,47,2,4,2,3,1.645,1.645,17.966,1,3,2,1,3,2,1,3,2,1,3,2,1
7/31/2020 13:18,7/31/2020 13:28,0,98.254.255.202,100,640,1,7/31/2020 13:28,R_BrXWRE29EcKGsmt,,,,,25.86959839,-80.30729675,anonymous,EN,1,5,3,3,,,1,5,1,21,32,5,3,4,5,0,0,13.886,0,2,3,1,2,3,1,2,3,1,2,3,1
7/31/2020 13:24,7/31/2020 13:28,0,181.214.185.152,100,247,1,7/31/2020 13:28,R_3smMVy5x4Ip9DlI,,,,,41.84829712,-87.65170288,anonymous,EN,1,5,7,1,1,,,3,1,1,30,4,5,4,5,0,0,38.595,0,1,2,3,1,2,3,1,2,3,1,2,3
7/31/2020 13:11,7/31/2020 13:28,0,71.198.111.149,100,1057,1,7/31/2020 13:28,R_0jh589IF06yI5Zn,,,,,37.64030457,-122.0666962,anonymous,EN,2,5,1,2,,1,,2,1,1,53,5,3,5,4,0,0,44.168,0,1,2,3,3,2,1,3,2,1,3,1,2
7/31/2020 13:24,7/31/2020 13:29,0,68.11.38.58,100,289,1,7/31/2020 13:29,R_2q8avK3WhWuswVP,,,,,29.88749695,-90.03369904,anonymous,EN,2,4,6,1,1,,,4,1,16,48,2,3,2,4,0,0,12.601,0,3,1,2,3,1,2,3,1,2,3,1,2
7/31/2020 13:22,7/31/2020 13:29,0,181.214.117.208,100,392,1,7/31/2020 13:29,R_0iTbmj3WE0Fv1fP,,,,,41.84829712,-87.65170288,anonymous,EN,1,5,3,2,,1,,3,1,1,34,3,3,4,3,0,0,20.021,0,1,3,2,2,3,1,2,1,3,1,3,2
7/31/2020 13:25,7/31/2020 13:29,0,24.145.70.60,100,199,1,7/31/2020 13:29,R_2bJMUrYSaxX2GaY,,,,,25.79069519,-80.12999725,anonymous,EN,2,4,2,1,1,,,5,1,16,22,4,1,1,4,0,0,56.638,0,1,2,3,1,3,2,3,2,1,3,2,1
7/31/2020 13:26,7/31/2020 13:29,0,72.132.96.143,100,156,1,7/31/2020 13:29,R_Q62DtAUoSSSZ68N,,,,,33.76319885,-116.4228973,anonymous,EN,1,5,6,2,,1,,2,1,1,30,3,4,3,4,0,0,12.738,0,2,1,3,2,1,3,1,3,2,2,1,3
7/31/2020 13:21,7/31/2020 13:29,0,181.215.184.204,100,445,1,7/31/2020 13:29,R_3s7J3pzLiyI72Lh,,,,,41.84829712,-87.65170288,anonymous,EN,1,5,3,1,1,,,2,1,1,27,3,3,4,5,0,0,36.613,0,2,1,3,1,2,3,2,1,3,2,1,3
7/31/2020 13:27,7/31/2020 13:29,0,45.87.214.49,100,126,1,7/31/2020 13:29,R_9mElJJ1x7qlFJfj,,,,,25.78059387,-80.18260193,anonymous,EN,2,5,6,1,1,,,2,1,1,29,4,3,4,3,0,0,14.953,0,3,1,2,3,1,2,3,2,1,2,1,3
7/31/2020 13:25,7/31/2020 13:29,0,198.228.135.134,100,238,1,7/31/2020 13:29,R_1JDFWnH5kb6tiPL,,,,,34.17120361,-118.5186005,anonymous,EN,1,4,4,2,,2,,1,1,16,28,3,4,3,5,0,0,142.573,0,1,3,2,3,1,2,3,2,1,,,
7/31/2020 13:25,7/31/2020 13:30,0,71.222.7.126,100,262,1,7/31/2020 13:30,R_21hbWAIS6C9mXQY,,,,,36.12199402,-115.0859985,anonymous,EN,1,5,6,2,,1,,2,1,1,62,4,4,4,4,1.664,1.664,44.775,1,2,1,3,2,3,1,2,3,1,2,1,3
7/31/2020 13:16,7/31/2020 13:30,0,192.200.158.142,100,842,1,7/31/2020 13:30,R_5nguLNEjK70j1Rf,,,,,33.44129944,-112.042099,anonymous,EN,2,4,2,1,2,,,2,1,1,30,4,4,3,4,4.326,14.364,18.329,3,3,1,2,1,3,2,2,3,1,1,2,3
7/31/2020 13:28,7/31/2020 13:30,0,72.187.223.151,100,156,1,7/31/2020 13:30,R_2ebrYAxPxEoLWSF,,,,,27.84069824,-82.71549988,anonymous,EN,2,5,2,2,,1,,3,1,1,25,4,3,5,4,0,0,12.291,0,2,1,3,2,1,3,3,2,1,2,1,3
7/31/2020 13:26,7/31/2020 13:30,0,66.199.83.187,100,244,1,7/31/2020 13:30,R_1LY9Rbgolc6Xlol,,,,,41.89199829,-87.64160156,anonymous,EN,1,6,7,3,,,1,6,1,21,38,4,5,5,5,0,0,24.611,0,3,2,1,1,3,2,2,1,3,,,
7/31/2020 13:30,7/31/2020 13:31,0,24.118.221.96,100,83,1,7/31/2020 13:31,R_1qWXNcjwQYcn3KA,,,,,45.11839294,-93.34609985,anonymous,EN,1,5,1,1,1,,,5,1,1,29,5,1,2,3,0,0,18.369,0,1,2,3,2,3,1,1,3,2,3,2,1
7/31/2020 13:24,7/31/2020 13:31,0,75.8.34.249,100,466,1,7/31/2020 13:31,R_3RlkWvdpK9zzD0v,,,,,32.95689392,-96.83170319,anonymous,EN,2,6,4,1,1,,,2,1,1,47,4,3,4,3,0,0,364.852,0,1,3,2,2,3,1,2,3,1,3,1,2
7/31/2020 13:30,7/31/2020 13:32,0,68.79.196.46,100,128,1,7/31/2020 13:32,R_2PbdUtjL6MW0eNd,,,,,32.92469788,-96.89170074,anonymous,EN,2,6,4,1,1,,,1,1,1,47,4,3,4,4,0,0,58.692,0,2,3,1,3,2,1,1,2,3,2,3,1
7/31/2020 13:29,7/31/2020 13:32,0,68.11.38.58,100,156,1,7/31/2020 13:32,R_BzVEO5CRKEbgVdT,,,,,29.88749695,-90.03369904,anonymous,EN,2,4,2,1,1,,,3,1,1,48,2,3,2,3,0,0,13.236,0,1,2,3,1,2,3,1,2,3,1,2,3
7/31/2020 13:30,7/31/2020 13:32,0,73.78.9.55,100,129,1,7/31/2020 13:32,R_2dnMkoNrvsA131u,,,,,39.64019775,-104.9620972,anonymous,EN,2,5,6,2,,1,,3,1,1,41,5,4,5,4,0,0,15.904,0,1,3,2,3,1,2,3,1,2,2,3,1
7/31/2020 13:31,7/31/2020 13:32,0,74.96.115.62,100,75,1,7/31/2020 13:32,R_r0b57d41G8ZvGVz,,,,,38.58450317,-76.89409637,anonymous,EN,1,5,2,1,1,,,6,1,17,26,3,3,1,4,0,0,11.54,0,1,2,3,2,3,1,1,3,2,3,2,1
7/31/2020 13:30,7/31/2020 13:32,0,73.101.40.211,100,118,1,7/31/2020 13:32,R_RbiWNBqVp9ARArv,,,,,39.83070374,-77.21769714,anonymous,EN,2,6,2,1,2,,,6,1,1,43,5,1,1,5,0,0,39.869,0,1,2,3,3,2,1,2,3,1,3,1,2
7/31/2020 13:30,7/31/2020 13:32,0,71.47.155.36,100,155,1,7/31/2020 13:32,R_2cokpDZlU1pOEa5,,,,,28.52999878,-81.48069763,anonymous,EN,1,5,6,1,1,,,3,1,1,30,4,3,5,4,0,0,12.535,0,1,3,2,1,3,2,2,1,3,3,2,1
7/31/2020 13:30,7/31/2020 13:33,0,96.228.27.60,100,164,1,7/31/2020 13:33,R_3hfqh3KEk4h5uac,,,,,37.51150513,-77.56620026,anonymous,EN,2,5,4,3,,,1,2,1,20,50,4,1,2,4,0,0,25.173,0,1,3,2,3,2,1,1,2,3,3,1,2
7/31/2020 13:30,7/31/2020 13:33,0,104.138.203.151,100,166,1,7/31/2020 13:33,R_cU3rc1kyDYBPLjz,,,,,36.09129333,-80.32710266,anonymous,EN,1,5,1,1,1,,,6,1,20,27,5,3,4,5,0,0,21.214,0,1,2,3,3,2,1,2,3,1,3,2,1
7/31/2020 13:30,7/31/2020 13:33,0,76.85.141.171,100,146,1,7/31/2020 13:33,R_1C1H3kIgJGgoto6,,,,,40.79640198,-96.74810028,anonymous,EN,2,4,3,3,,,1,5,1,17,28,4,2,3,4,1.537,13.852,15.588,4,1,2,3,2,3,1,1,3,2,2,3,1
7/31/2020 13:31,7/31/2020 13:33,0,173.30.189.222,100,171,1,7/31/2020 13:33,R_OPWCWzxxsjXaNtD,,,,,42.5144043,-90.69300079,anonymous,EN,1,5,4,2,,1,,4,1,1,42,4,2,3,2,0,0,35.356,0,1,2,3,2,1,3,3,1,2,2,1,3
7/31/2020 13:32,7/31/2020 13:34,0,47.156.29.238,100,88,1,7/31/2020 13:34,R_POQXk1xn236Jc6R,,,,,33.60560608,-117.2662048,anonymous,EN,1,5,4,2,,1,,3,1,1,25,3,3,3,3,0,0,14.952,0,1,2,3,1,2,3,1,3,2,1,2,3
7/31/2020 13:31,7/31/2020 13:34,0,172.251.26.99,100,138,1,7/31/2020 13:34,R_3IT4uqr8avIvYh3,,,,,34.10910034,-117.7126007,anonymous,EN,2,5,2,1,1,,,6,1,1,45,5,1,1,5,7.447,9.648,11.647,4,1,3,2,3,2,1,1,3,2,2,1,3
7/31/2020 13:31,7/31/2020 13:34,0,68.132.176.87,100,150,1,7/31/2020 13:34,R_2t9wxQxyNSb97dK,,,,,40.69470215,-73.73739624,anonymous,EN,2,5,5,1,1,,,3,2,1,25,3,3,4,2,0,0,61.443,0,3,2,1,1,2,3,2,3,1,2,3,1
7/31/2020 13:31,7/31/2020 13:34,0,73.223.41.161,100,176,1,7/31/2020 13:34,R_Q3rYSxOumtCSL0B,,,,,37.57420349,-122.3249969,anonymous,EN,1,6,2,2,,1,,2,1,1,47,4,5,4,5,0,0,16.497,0,2,1,3,2,1,3,1,3,2,2,1,3
7/31/2020 13:30,7/31/2020 13:34,0,107.200.126.199,100,214,1,7/31/2020 13:34,R_1Kl4YsY0qobFYuz,,,,,35.40100098,-80.8687973,anonymous,EN,2,5,3,2,,2,,4,1,1,30,4,3,3,4,6.308,35.647,38.958,3,3,2,1,1,2,3,3,2,1,1,2,3
7/31/2020 13:30,7/31/2020 13:34,0,98.7.214.91,100,261,1,7/31/2020 13:34,R_2wuUDqUSTnBEPjQ,,,,,40.76829529,-73.98020172,anonymous,EN,1,5,3,2,,1,,2,1,1,25,4,4,3,3,0,0,48.858,0,2,3,1,2,1,3,2,1,3,2,1,3
7/31/2020 13:33,7/31/2020 13:34,0,73.250.59.138,100,103,1,7/31/2020 13:34,R_1rOmJ95msLLtSSa,,,,,39.28909302,-76.5582962,anonymous,EN,1,5,2,1,1,,,6,1,21,33,1,5,3,2,0,0,11.229,0,1,3,2,3,2,1,1,3,2,3,2,1
7/31/2020 13:33,7/31/2020 13:34,0,68.194.130.223,100,64,1,7/31/2020 13:34,R_3JDYNa9kF0Zqb5O,,,,,40.69140625,-73.37280273,anonymous,EN,1,5,5,2,,2,,5,1,1,29,5,1,3,4,1.012,1.012,12.119,1,1,3,2,1,2,3,1,3,2,3,2,1
7/31/2020 13:33,7/31/2020 13:35,0,108.227.131.161,100,120,1,7/31/2020 13:35,R_WCioaTGrpdygaPL,,,,,39.52720642,-119.9129028,anonymous,EN,1,5,5,2,,1,,3,1,1,45,4,5,4,5,0,0,11.885,0,3,1,2,3,2,1,1,2,3,1,2,3
7/31/2020 13:30,7/31/2020 13:35,0,72.190.2.234,100,288,1,7/31/2020 13:35,R_3CPB1KWUDhqGtcR,,,,,32.85450745,-97.1359024,anonymous,EN,2,5,2,2,,1,,2,1,1,31,4,5,4,3,0,0,15.587,0,1,2,3,1,3,2,3,1,2,3,1,2
7/31/2020 13:30,7/31/2020 13:35,0,69.125.102.149,100,267,1,7/31/2020 13:35,R_2QEYayOXeUjaxpE,,,,,40.84629822,-72.8030014,anonymous,EN,2,5,6,1,1,,,2,1,1,25,4,4,5,5,0,0,52.158,0,3,2,1,3,2,1,3,2,1,,,
7/31/2020 13:32,7/31/2020 13:35,0,47.234.184.10,100,126,1,7/31/2020 13:35,R_3nGBjeYzuAqdHkk,,,,,32.7539978,-97.13629913,anonymous,EN,1,2,2,1,1,,,2,1,18,19,4,2,2,4,0,0,18.51,0,1,2,3,2,3,1,1,3,2,3,2,1
7/31/2020 13:30,7/31/2020 13:35,0,191.101.212.51,100,267,1,7/31/2020 13:35,R_323lRIYzsq8L4WK,,,,,39.78450012,-104.9642029,anonymous,EN,2,5,6,2,,1,,2,1,1,33,5,4,5,3,40.693,58.884,60.038,3,2,3,1,2,3,1,1,3,2,3,2,1
7/31/2020 13:32,7/31/2020 13:35,0,72.187.223.151,100,190,1,7/31/2020 13:35,R_qWUGDKAVIHTscvf,,,,,27.84069824,-82.71549988,anonymous,EN,2,5,2,2,,1,,2,1,1,25,4,3,4,3,0,0,12.939,0,3,2,1,3,1,2,3,1,2,2,3,1
7/31/2020 13:31,7/31/2020 13:35,0,66.199.83.187,100,199,1,7/31/2020 13:35,R_1jKiccR79TgUL4g,,,,,41.89199829,-87.64160156,anonymous,EN,1,4,6,3,,,2,6,1,1,38,4,5,5,5,8.848,9.612,13.188,2,1,3,2,2,3,1,1,3,2,2,3,1
7/31/2020 13:31,7/31/2020 13:35,0,173.174.185.121,100,228,1,7/31/2020 13:35,R_z102EZpdbh7pWQF,,,,,29.55839539,-98.74349976,anonymous,EN,1,4,2,2,,1,,2,1,16,35,4,3,5,2,9.304,10.4,11.888,3,1,2,3,1,2,3,2,1,3,1,2,3
7/31/2020 13:33,7/31/2020 13:35,0,24.164.186.254,100,119,1,7/31/2020 13:35,R_3pnb1n8N3xKYNHH,,,,,42.07170105,-73.96949768,anonymous,EN,1,4,4,1,2,,,6,1,21,21,4,3,3,4,0,0,24.353,0,1,3,2,3,1,2,1,3,2,1,2,3
7/31/2020 13:33,7/31/2020 13:35,0,73.254.138.205,100,154,1,7/31/2020 13:35,R_1GJjTBMef6ebzaa,,,,,47.11010742,-122.7750015,anonymous,EN,2,1,1,1,1,,,1,1,1,46,4,5,4,5,16.027,16.027,18.634,1,3,1,2,3,2,1,2,1,3,3,2,1
7/31/2020 13:33,7/31/2020 13:36,0,73.78.9.55,100,184,1,7/31/2020 13:36,R_p5Vz1Ex74CogPst,,,,,39.64019775,-104.9620972,anonymous,EN,2,5,7,2,,1,,3,1,1,41,5,4,4,5,17.966,42.489,56.31,9,1,2,3,2,1,3,3,2,1,3,2,1
7/31/2020 13:32,7/31/2020 13:36,0,68.9.25.150,100,250,1,7/31/2020 13:36,R_22rfjkSuXN3PhAk,,,,,41.6867981,-72.72480011,anonymous,EN,2,5,6,1,2,,,2,1,1,25,4,3,4,4,2.452,71.496,75.022,2,3,1,2,3,1,2,2,3,1,2,3,1
7/31/2020 13:33,7/31/2020 13:36,0,24.251.219.65,100,150,1,7/31/2020 13:36,R_rkygEVVTxs2leal,,,,,33.51029968,-112.4089966,anonymous,EN,2,4,5,1,1,,,2,1,1,25,4,5,5,4,0,0,40.284,0,3,2,1,3,2,1,3,2,1,3,2,1
7/31/2020 13:33,7/31/2020 13:36,0,98.238.251.206,100,194,1,7/31/2020 13:36,R_1rBtGkpcdDEQj26,,,,,38.664505,-121.4869995,anonymous,EN,1,5,5,2,,2,,5,1,1,29,3,3,4,5,0,0,77.185,0,2,1,3,2,3,1,1,2,3,2,3,1
7/31/2020 13:35,7/31/2020 13:36,0,173.88.143.35,100,90,1,7/31/2020 13:36,R_6McRPscAewWIsdr,,,,,41.5052948,-81.55660248,anonymous,EN,2,5,2,2,,1,,2,1,1,32,5,4,5,4,0,0,11.579,0,3,1,2,1,3,2,1,2,3,1,2,3
7/31/2020 13:30,7/31/2020 13:36,0,98.3.19.211,100,350,1,7/31/2020 13:36,R_21BRNCduwgg9Kbt,,,,,43.11399841,-77.56890106,anonymous,EN,2,5,4,1,2,,,2,1,16,29,2,3,4,3,28.579,40.201,43.522,5,3,1,2,2,3,1,1,2,3,2,1,3
7/31/2020 13:34,7/31/2020 13:36,0,108.194.95.145,100,126,1,7/31/2020 13:36,R_r8A2RS7CORxoJzj,,,,,32.23609924,-90.26010132,anonymous,EN,2,4,4,2,,1,,3,1,1,43,3,4,3,4,7.867,9.04,17.341,5,2,3,1,1,3,2,3,1,2,2,3,1
7/31/2020 13:29,7/31/2020 13:36,0,98.181.164.102,100,412,1,7/31/2020 13:36,R_yykPOZvrgIBDJM5,,,,,36.16819763,-115.2165985,anonymous,EN,1,5,4,1,2,,,2,1,1,25,4,3,4,2,0,0,36.205,0,3,2,1,3,2,1,1,3,2,3,2,1
7/31/2020 13:34,7/31/2020 13:36,0,173.30.189.222,100,135,1,7/31/2020 13:36,R_23afsJOK1P0vTIu,,,,,42.5144043,-90.69300079,anonymous,EN,1,5,5,2,,1,,4,1,1,42,2,4,2,5,0,0,20.395,0,1,2,3,2,3,1,1,2,3,2,1,3
7/31/2020 13:35,7/31/2020 13:36,0,73.185.128.62,100,100,1,7/31/2020 13:36,R_12R9fTlLa4qvJkV,,,,,45.07820129,-93.18939972,anonymous,EN,1,5,5,3,,,2,4,1,1,31,3,4,5,4,0,0,11.368,0,3,1,2,3,2,1,2,1,3,1,3,2
7/31/2020 13:33,7/31/2020 13:36,0,71.89.247.71,100,230,1,7/31/2020 13:36,R_27V80XHT8jDGbD6,,,,,39.38090515,-119.6858978,anonymous,EN,2,5,2,2,,1,,3,1,1,36,5,3,5,4,0,0,12.218,0,3,1,2,1,2,3,2,1,3,1,2,3
7/31/2020 13:32,7/31/2020 13:37,0,76.190.181.57,100,248,1,7/31/2020 13:37,R_1n70Z5320ENGm5i,,,,,41.7059021,-81.1996994,anonymous,EN,1,4,2,1,1,,,2,1,1,35,3,4,4,3,0,0,12.223,0,2,3,1,2,1,3,1,2,3,3,2,1
7/31/2020 13:36,7/31/2020 13:37,0,73.254.138.205,100,82,1,7/31/2020 13:37,R_3OqztqiTnHA0lG2,,,,,47.11010742,-122.7750015,anonymous,EN,2,1,1,1,1,,,1,1,1,46,4,5,4,5,0,0,13.375,0,2,3,1,2,1,3,2,3,1,1,2,3
7/31/2020 13:36,7/31/2020 13:37,0,68.110.16.135,100,87,1,7/31/2020 13:37,R_3lWgrrKpJG4hPLQ,,,,,41.20930481,-96.05480194,anonymous,EN,2,5,7,2,,1,,4,1,1,38,5,4,4,5,0,0,12.559,0,2,1,3,2,1,3,1,3,2,1,3,2
7/31/2020 13:35,7/31/2020 13:37,0,72.187.223.151,100,138,1,7/31/2020 13:37,R_2SDBzuA29r8mcjo,,,,,27.84069824,-82.71549988,anonymous,EN,2,5,2,2,,1,,2,1,1,25,4,3,4,3,0,0,13.808,0,3,1,2,1,2,3,2,3,1,2,1,3
7/31/2020 13:35,7/31/2020 13:37,0,72.190.2.234,100,143,1,7/31/2020 13:37,R_22QaPoKLzLAyEkT,,,,,32.85450745,-97.1359024,anonymous,EN,2,5,2,2,,1,,2,1,1,31,3,4,4,4,0,0,22.499,0,1,2,3,1,3,2,3,2,1,1,3,2
7/31/2020 13:37,7/31/2020 13:38,0,73.190.72.66,100,67,1,7/31/2020 13:38,R_1dEOYRNAFTHuvz8,,,,,45.54960632,-122.8292999,anonymous,EN,1,5,2,1,1,,,6,1,1,32,2,4,3,3,0,0,10.919,0,1,2,3,3,2,1,1,3,2,3,2,1
7/31/2020 13:35,7/31/2020 13:38,0,84.17.35.87,100,159,1,7/31/2020 13:38,R_3oL94IRXJDAGX7A,,,,,40.71260071,-74.00659943,anonymous,EN,1,2,4,1,1,,,4,1,1,26,2,2,2,4,0,0,11.299,0,1,2,3,1,2,3,2,3,1,3,2,1
7/31/2020 13:36,7/31/2020 13:38,0,24.250.9.191,100,106,1,7/31/2020 13:38,R_e2nHSsTqIOBtJ2p,,,,,41.79580688,-72.52410126,anonymous,EN,1,2,2,1,1,,,6,1,1,30,5,1,1,5,20.21,20.21,20.908,1,2,3,1,1,2,3,1,3,2,3,2,1
7/31/2020 13:36,7/31/2020 13:38,0,73.146.72.21,100,96,1,7/31/2020 13:38,R_bBLpF54iAf3opPz,,,,,39.78909302,-85.80940247,anonymous,EN,1,5,5,1,1,,,3,1,1,25,3,2,4,2,0,0,14.701,0,1,3,2,2,3,1,1,3,2,2,3,1
7/31/2020 13:37,7/31/2020 13:39,0,74.90.245.167,100,120,1,7/31/2020 13:39,R_RLdp0hPugwAQEhj,,,,,40.64619446,-73.9559021,anonymous,EN,1,5,4,3,,,1,4,1,1,40,4,1,1,4,0,0,18.101,0,1,2,3,2,3,1,1,3,2,3,2,1
7/31/2020 13:36,7/31/2020 13:39,0,173.174.185.121,100,220,1,7/31/2020 13:39,R_1rB2gLYz0P3YL3v,,,,,29.55839539,-98.74349976,anonymous,EN,1,4,2,2,,1,,1,1,16,35,4,3,5,4,8.001,57.489,59.455,6,1,2,3,3,2,1,2,1,3,,,
7/31/2020 13:37,7/31/2020 13:40,0,97.102.47.84,100,160,1,7/31/2020 13:40,R_r3CY5NMBCOqXOBH,,,,,28.68409729,-81.28119659,anonymous,EN,1,6,6,2,,1,,4,1,1,30,4,5,4,4,0,0,14.711,0,1,2,3,2,1,3,2,3,1,1,2,3
7/31/2020 13:39,7/31/2020 13:40,0,73.176.235.162,100,88,1,7/31/2020 13:40,R_86VJVC6uvmOjHWN,,,,,42.07539368,-87.82219696,anonymous,EN,2,5,4,1,1,,,2,1,1,25,3,2,4,2,0,0,27.839,0,1,2,3,2,1,3,2,3,1,2,1,3
7/31/2020 13:37,7/31/2020 13:41,0,216.21.191.208,100,218,1,7/31/2020 13:41,R_2zIKkgvsbHXL1Cc,,,,,40.39900208,-86.85749817,anonymous,EN,2,4,6,2,,1,,3,1,16,51,4,5,4,4,0,0,81.775,0,2,1,3,1,2,3,2,1,3,2,1,3
7/31/2020 13:36,7/31/2020 13:41,0,173.30.189.222,100,282,1,7/31/2020 13:41,R_DhF9441gIbh5wPf,,,,,42.5144043,-90.69300079,anonymous,EN,1,5,6,2,,1,,4,1,1,42,5,4,3,2,0,0,114.051,0,1,2,3,1,2,3,1,2,3,1,2,3
7/31/2020 13:39,7/31/2020 13:42,0,108.193.213.250,100,173,1,7/31/2020 13:42,R_1QiJgkHw7u8LO4J,,,,,29.86390686,-90.10669708,anonymous,EN,2,4,2,3,,,1,5,1,1,24,4,4,3,3,0,0,14.833,0,2,1,3,1,3,2,2,3,1,1,2,3
7/31/2020 13:39,7/31/2020 13:42,0,73.98.22.134,100,191,1,7/31/2020 13:42,R_25ZsR5N3aeSAs5p,,,,,35.13690186,-106.5198975,anonymous,EN,1,5,2,2,,1,,2,1,1,37,4,5,4,5,5.383,13.675,15.879,2,1,3,2,3,2,1,2,3,1,2,1,3
7/31/2020 13:39,7/31/2020 13:42,0,45.157.120.182,100,184,1,7/31/2020 13:42,R_2ePPQV7FV7Wg3Lb,,,,,34.05439758,-118.2440033,anonymous,EN,1,4,6,2,,1,,3,1,1,65,5,4,5,4,0,0,13.054,0,3,2,1,3,2,1,3,1,2,2,1,3
7/31/2020 13:37,7/31/2020 13:43,0,73.15.132.156,100,371,1,7/31/2020 13:43,R_3kB29jdEr2wCS4f,,,,,37.75619507,-122.4866028,anonymous,EN,1,5,6,2,,1,,2,1,1,63,4,5,5,4,0,0,73.874,0,1,2,3,3,1,2,1,3,2,1,2,3
7/31/2020 13:40,7/31/2020 13:43,0,73.19.58.46,100,217,1,7/31/2020 13:43,R_OEkyIMGrVtd5uWB,,,,,47.80220032,-122.2859955,anonymous,EN,1,5,6,2,,1,,5,1,1,41,5,4,4,5,0,0,12.257,0,3,1,2,3,1,2,1,3,2,1,3,2
7/31/2020 13:41,7/31/2020 13:44,0,67.250.1.71,100,164,1,7/31/2020 13:44,R_1jInUoN4AtoCM7l,,,,,40.75840759,-73.79730225,anonymous,EN,1,5,4,2,,2,,3,1,1,35,3,4,4,4,0,0,31.969,0,3,1,2,1,2,3,1,2,3,2,3,1
7/31/2020 13:42,7/31/2020 13:44,0,67.247.209.64,100,103,1,7/31/2020 13:44,R_2ZVvnfjtM6v9HYD,,,,,42.83540344,-78.75730133,anonymous,EN,1,2,2,1,1,,,6,1,16,37,3,4,4,3,0,0,11.711,0,1,2,3,3,2,1,1,3,2,3,1,2
7/31/2020 13:42,7/31/2020 13:44,0,73.83.141.178,100,134,1,7/31/2020 13:44,R_2U9jhD1Kzrbl1Y9,,,,,48.05889893,-122.1578979,anonymous,EN,1,5,2,2,,1,,2,1,1,52,4,5,4,5,0,0,16.867,0,1,3,2,1,3,2,1,3,2,1,2,3
7/31/2020 13:40,7/31/2020 13:44,0,71.222.26.37,100,237,1,7/31/2020 13:44,R_0IISVmNUsdOejcJ,,,,,36.17880249,-115.1715012,anonymous,EN,1,5,5,1,1,,,2,1,16,45,5,4,5,4,0,0,12.535,0,2,3,1,3,1,2,1,2,3,2,3,1
7/31/2020 13:40,7/31/2020 13:45,0,72.187.223.151,100,266,1,7/31/2020 13:45,R_1LbSwlyusHvbVbD,,,,,27.84069824,-82.71549988,anonymous,EN,2,5,2,2,,1,,1,1,1,25,4,3,4,3,0,0,13.968,0,1,2,3,1,2,3,3,2,1,3,1,2
7/31/2020 13:43,7/31/2020 13:45,0,71.255.102.102,100,140,1,7/31/2020 13:45,R_sLjWruxBG5g80X7,,,,,39.93609619,-75.26249695,anonymous,EN,1,5,4,3,,,1,5,2,1,28,2,1,3,3,18.746,21.662,23.163,3,1,2,3,3,2,1,2,3,1,3,2,1
7/31/2020 13:43,7/31/2020 13:45,0,174.21.187.24,100,146,1,7/31/2020 13:45,R_1ojxKMgpXXgwvGq,,,,,47.63560486,-122.3605042,anonymous,EN,1,5,6,2,,1,,2,1,1,30,5,4,5,4,2.109,3.919,17.274,4,3,1,2,3,2,1,3,1,2,2,3,1
7/31/2020 13:38,7/31/2020 13:45,0,72.190.2.234,100,438,1,7/31/2020 13:45,R_2f3yVgRw16960w2,,,,,32.85450745,-97.1359024,anonymous,EN,2,5,2,2,,1,,2,1,1,31,3,4,3,4,0,0,108.649,0,1,3,2,2,3,1,3,1,2,1,3,2
7/31/2020 13:45,7/31/2020 13:46,0,24.208.188.198,100,79,1,7/31/2020 13:46,R_UYedoYJe9cMvOZr,,,,,40.74159241,-84.15219879,anonymous,EN,1,4,5,2,,2,,4,1,1,39,5,1,1,5,0,0,11.806,0,1,3,2,3,1,2,1,3,2,3,1,2
7/31/2020 13:45,7/31/2020 13:47,0,73.241.99.230,100,112,1,7/31/2020 13:47,R_3sh6lcQk6nqo1oJ,,,,,37.2507019,-121.8359985,anonymous,EN,1,6,7,1,1,,,4,1,1,25,3,4,5,4,0,0,13.829,0,2,1,3,3,2,1,2,3,1,1,2,3
7/31/2020 13:44,7/31/2020 13:47,0,108.29.179.141,100,208,1,7/31/2020 13:47,R_3QDzIZbOv4VX4gS,,,,,40.83120728,-73.90670013,anonymous,EN,1,5,1,1,1,,,2,1,1,25,4,4,4,5,0,0,37.781,0,2,3,1,3,1,2,2,3,1,3,1,2
7/31/2020 13:44,7/31/2020 13:47,0,73.56.5.120,100,189,1,7/31/2020 13:47,R_2SGg8lyJYWs2dBt,,,,,26.15220642,-80.31529999,anonymous,EN,1,5,6,2,,1,,2,1,1,32,4,5,5,4,0,0,15.374,0,3,1,2,3,2,1,3,1,2,1,2,3
7/31/2020 13:45,7/31/2020 13:47,0,71.222.26.37,100,167,1,7/31/2020 13:47,R_1GZERqjf2LsG1tF,,,,,36.17880249,-115.1715012,anonymous,EN,1,2,1,1,1,,,1,1,1,45,5,4,5,4,0,0,12.109,0,2,1,3,3,2,1,3,1,2,1,3,2
7/31/2020 13:44,7/31/2020 13:48,0,69.203.194.120,100,222,1,7/31/2020 13:48,R_2PuSFtzihcanaoI,,,,,40.85960388,-73.93160248,anonymous,EN,1,6,3,1,2,,,2,1,1,65,3,4,3,4,0,0,13.624,0,2,3,1,2,1,3,1,2,3,2,1,3
7/31/2020 13:46,7/31/2020 13:48,0,68.62.155.190,100,77,1,7/31/2020 13:48,R_1r1XZHBBgjUTHyk,,,,,34.01939392,-86.0503006,anonymous,EN,1,5,2,2,,1,,2,1,1,39,4,3,5,4,0,0,12.151,0,2,3,1,1,3,2,3,1,2,3,2,1
7/31/2020 13:45,7/31/2020 13:48,0,174.21.187.24,100,141,1,7/31/2020 13:48,R_31Mn6rT6jOwQ63X,,,,,47.63560486,-122.3605042,anonymous,EN,1,6,2,2,,1,,2,1,1,30,5,4,5,4,3.276,10.493,15.664,4,3,2,1,3,1,2,3,2,1,1,3,2
7/31/2020 13:44,7/31/2020 13:48,0,98.187.54.96,100,202,1,7/31/2020 13:48,R_1GIkZRhGRWEvf3R,,,,,39.01420593,-95.69809723,anonymous,EN,1,5,1,1,1,,,2,1,1,25,4,3,4,3,0,0,13.901,0,3,1,2,3,2,1,2,3,1,1,2,3
7/31/2020 13:40,7/31/2020 13:48,0,68.12.34.8,100,464,1,7/31/2020 13:48,R_D31JHWzX0EYEDZf,,,,,35.53349304,-97.95909882,anonymous,EN,1,5,2,1,1,,,4,1,1,33,2,5,3,3,0,0,27.514,0,1,2,3,3,2,1,1,3,2,1,2,3
7/31/2020 13:47,7/31/2020 13:48,0,73.241.99.230,100,86,1,7/31/2020 13:48,R_3Dbcwz9ZdNoPCHx,,,,,37.2507019,-121.8359985,anonymous,EN,1,6,7,1,1,,,3,1,1,25,3,2,3,3,0,0,13.613,0,1,2,3,1,2,3,1,2,3,1,2,3
7/31/2020 13:43,7/31/2020 13:49,0,63.117.151.93,100,349,1,7/31/2020 13:49,R_POMLVrXNZFNKYhz,,,,,40.78759766,-74.05999756,anonymous,EN,2,5,6,1,1,,,4,1,1,43,4,3,4,4,3.224,9.87,12.308,2,1,3,2,2,1,3,2,1,3,2,1,3
7/31/2020 13:48,7/31/2020 13:50,0,71.213.19.106,100,124,1,7/31/2020 13:50,R_QcTpAWFGvM8urId,,,,,40.24589539,-83.36029816,anonymous,EN,1,2,1,3,,,1,6,1,21,26,3,2,3,4,13.562,13.562,14.65,1,3,1,2,3,2,1,1,3,2,3,2,1
7/31/2020 13:48,7/31/2020 13:51,0,73.241.99.230,100,141,1,7/31/2020 13:51,R_e4mqaoGcRGTC64x,,,,,37.2507019,-121.8359985,anonymous,EN,1,6,6,1,1,,,3,1,1,25,3,2,3,3,0,0,25.761,0,1,3,2,2,1,3,1,2,3,1,3,2
7/31/2020 13:49,7/31/2020 13:51,0,181.215.206.89,100,129,1,7/31/2020 13:51,R_1g0grUPsvgEMa2t,,,,,39.78450012,-104.9642029,anonymous,EN,1,5,7,1,1,,,2,1,1,29,4,4,5,5,0,0,13.198,0,3,1,2,3,1,2,3,1,2,2,1,3
7/31/2020 13:46,7/31/2020 13:51,0,73.102.125.114,100,330,1,7/31/2020 13:51,R_2VKZmh9eL7fHHaY,,,,,38.95820618,-85.88749695,anonymous,EN,1,6,2,2,,1,,2,1,21,30,4,5,4,3,0,0,13.114,0,1,2,3,1,2,3,3,2,1,3,1,2
7/31/2020 13:48,7/31/2020 13:52,0,73.77.194.187,100,216,1,7/31/2020 13:52,R_1nMGZNvBC5ATUnM,,,,,29.79530334,-95.49680328,anonymous,EN,1,6,6,2,,1,,3,1,1,32,4,5,4,5,0,0,20.957,0,3,2,1,2,3,1,2,1,3,2,3,1
7/31/2020 13:52,7/31/2020 13:55,0,73.102.125.114,100,174,1,7/31/2020 13:55,R_bCKrNhLoLS93q6t,,,,,38.95820618,-85.88749695,anonymous,EN,1,6,2,2,,1,,3,1,1,30,4,5,4,5,0,0,13.492,0,3,1,2,3,1,2,2,1,3,3,1,2
7/31/2020 13:53,7/31/2020 13:56,0,69.251.226.251,100,130,1,7/31/2020 13:56,R_2awtVAAJ7xfCbu8,,,,,39.43319702,-76.65460205,anonymous,EN,1,5,3,2,,2,,2,1,1,35,3,4,5,4,0,0,14.24,0,2,3,1,2,3,1,2,1,3,1,3,2
7/31/2020 13:48,7/31/2020 13:58,0,65.220.86.223,100,601,1,7/31/2020 13:58,R_1NCy2cYJlEKzG4E,,,,,40.63749695,-74.02159882,anonymous,EN,1,5,3,2,,2,,2,1,1,41,3,4,5,4,7.111,126.865,127.575,15,3,2,1,1,2,3,2,1,3,3,1,2
7/31/2020 13:56,7/31/2020 13:58,0,73.193.50.231,100,88,1,7/31/2020 13:58,R_1Du6y0uVNWDod4l,,,,,48.79899597,-122.4499054,anonymous,EN,1,5,2,2,,1,,2,1,1,50,4,4,5,5,0,0,11.708,0,1,2,3,2,3,1,1,2,3,2,3,1
7/31/2020 13:54,7/31/2020 13:58,0,98.203.189.89,100,274,1,7/31/2020 13:58,R_PBzwoqPOy3IFhU5,,,,,47.07730103,-122.3921051,anonymous,EN,1,2,4,3,,,1,5,1,1,33,4,2,2,3,3.424,16.119,31.78,5,1,2,3,3,2,1,1,3,2,3,2,1
7/31/2020 13:57,7/31/2020 14:00,0,73.109.63.149,100,186,1,7/31/2020 14:00,R_3fq3F4IOD1sugI8,,,,,47.49020386,-122.3003998,anonymous,EN,1,4,2,2,,1,,2,1,21,39,3,4,5,4,0,0,12.532,0,2,1,3,3,2,1,3,1,2,2,1,3
7/31/2020 13:58,7/31/2020 14:01,0,65.220.86.223,100,154,1,7/31/2020 14:01,R_r922bEZbspC3ZAt,,,,,40.63749695,-74.02159882,anonymous,EN,1,5,5,2,,1,,3,1,1,41,4,5,4,5,0,0,12.231,0,2,1,3,1,2,3,1,3,2,1,3,2
7/31/2020 13:58,7/31/2020 14:03,0,73.225.88.62,100,248,1,7/31/2020 14:03,R_2ZPSqkalZs8McCE,,,,,47.49020386,-122.3003998,anonymous,EN,2,5,6,2,,1,,4,1,1,34,3,4,5,4,0,0,116.167,0,2,3,1,1,2,3,3,1,2,3,2,1
7/31/2020 14:00,7/31/2020 14:03,0,66.11.124.137,100,128,1,7/31/2020 14:03,R_NW8bLIpX1cu5UeR,,,,,35.2368927,-80.89569855,anonymous,EN,1,5,2,1,1,,,2,1,1,45,5,1,4,5,7.905,7.905,11.698,1,1,2,3,1,3,2,1,3,2,1,3,2
7/31/2020 14:00,7/31/2020 14:03,0,208.254.225.99,100,168,1,7/31/2020 14:03,R_1GEwScbNeqHiDWq,,,,,37.75100708,-97.8219986,anonymous,EN,1,4,3,1,1,,,5,1,1,25,4,3,5,4,0,0,31.201,0,1,2,3,2,1,3,1,2,3,1,3,2
7/31/2020 13:57,7/31/2020 14:03,0,205.143.0.77,100,408,1,7/31/2020 14:03,R_3gU9aifo5WvTzyL,,,,,27.26060486,-80.47709656,anonymous,EN,1,5,2,2,,1,,2,1,1,33,4,5,4,5,0,0,18.325,0,3,2,1,2,1,3,2,1,3,2,1,3
7/31/2020 14:03,7/31/2020 14:06,0,73.225.88.62,100,209,1,7/31/2020 14:06,R_cRSMj32OqIFOxkl,,,,,47.49020386,-122.3003998,anonymous,EN,2,5,6,2,,1,,4,1,1,34,3,4,5,4,0,0,73.756,0,1,2,3,2,1,3,2,3,1,2,3,1
7/31/2020 14:06,7/31/2020 14:08,0,75.173.98.11,100,91,1,7/31/2020 14:08,R_2y8YptHTyY3HgNb,,,,,30.69500732,-92.2696991,anonymous,EN,1,2,3,3,,,1,6,1,21,32,5,1,1,5,0,0,12.94,0,1,2,3,3,2,1,1,2,3,3,2,1
7/31/2020 14:06,7/31/2020 14:10,0,67.218.213.74,100,220,1,7/31/2020 14:10,R_2zcMymWF0Cxu8TD,,,,,35.85969543,-82.71050262,anonymous,EN,2,2,5,3,,,2,3,1,21,41,4,2,1,4,23.809,23.809,35.102,1,1,2,3,3,2,1,1,3,2,,,
7/31/2020 14:11,7/31/2020 14:12,0,63.117.150.60,100,79,1,7/31/2020 14:12,R_3dEbcxkxnkpQ2kr,,,,,40.78759766,-74.05999756,anonymous,EN,1,6,6,2,,1,,1,1,1,44,3,5,3,5,0,0,13.546,0,2,1,3,3,1,2,1,3,2,3,2,1
7/31/2020 14:13,7/31/2020 14:17,0,68.101.26.220,100,249,1,7/31/2020 14:17,R_SMHCaKJNCbSedYB,,,,,30.77729797,-86.48320007,anonymous,EN,1,4,5,3,,,2,2,1,1,58,4,2,2,5,15.686,15.686,27.187,1,1,3,2,1,3,2,1,3,2,3,2,1
7/31/2020 14:14,7/31/2020 14:18,0,76.19.86.53,100,240,1,7/31/2020 14:18,R_1eQzi0vvM1XrTNA,,,,,44.26539612,-72.57640076,anonymous,EN,1,6,6,2,,1,,1,1,1,49,4,5,4,5,0,0,55.801,0,1,2,3,1,2,3,2,1,3,3,2,1
7/31/2020 14:16,7/31/2020 14:19,0,70.173.151.35,100,184,1,7/31/2020 14:19,R_bDjScNB2rKnt6Zb,,,,,35.98539734,-115.1193008,anonymous,EN,2,4,6,1,1,,,2,1,1,35,4,4,5,4,0,0,73.848,0,2,3,1,1,3,2,3,1,2,1,2,3
7/31/2020 14:19,7/31/2020 14:23,0,70.173.151.35,100,215,1,7/31/2020 14:23,R_3lSqHCn7ofpeOk0,,,,,35.98539734,-115.1193008,anonymous,EN,2,4,6,1,1,,,2,1,1,35,4,4,4,4,0,0,17.95,0,2,3,1,1,3,2,2,1,3,2,1,3
7/31/2020 14:11,7/31/2020 16:27,0,142.129.37.127,100,8191,1,7/31/2020 16:27,R_pAyNNNjrdzv0P5v,,,,,34.30769348,-118.4286957,anonymous,EN,2,5,7,2,,1,,1,1,1,61,4,5,4,5,4.126,8.264,13.689,5,2,3,1,3,2,1,3,2,1,1,3,2
